epoch,step,train/cardinality_error,train/cardinality_error_0,train/cardinality_error_1,train/cardinality_error_enc,train/class_error,train/loss,train/loss_bbox,train/loss_bbox_0,train/loss_bbox_1,train/loss_bbox_enc,train/loss_ce,train/loss_ce_0,train/loss_ce_1,train/loss_ce_enc,train/loss_giou,train/loss_giou_0,train/loss_giou_1,train/loss_giou_enc,train/lr,train/lr_max,train/lr_min,val/AP/aramco,val/AP/atlasian,val/AP/bwt,val/AP/capp,val/AP/hp,val/AP/kick,val/AP/moneygram,val/AP/okx,val/AP/oracle,val/AP/petronas,val/F1,val/ema_mAP_50,val/ema_mAP_50_95,val/ema_mAR,val/loss,val/mAP_50,val/mAP_50_95,val/mAP_75,val/mAR,val/precision,val/recall
0,49,,,,,,,,,,,,,,,,,,,9.999999747378752e-05,9.999999747378752e-05,3.232564267818816e-06,,,,,,,,,,,,,,,,,,,,,
0,54,,,,,,,,,,,,,,,,,,,,,,0.0,1.6209332898142748e-05,0.08944405615329742,0.0,0.2660602927207947,0.0007661480340175331,0.19017161428928375,0.13037867844104767,0.1805330514907837,0.06087203323841095,0.16999095678329468,0.13853870332241058,0.09094613045454025,0.23709692060947418,7.568176746368408,0.1364845484495163,0.09182421118021011,0.09477658569812775,0.2343294769525528,0.22438311576843262,0.15230365097522736
0,54,3830.16259765625,3850.810302734375,3840.28076171875,3816.980712890625,69.09010314941406,8.660208702087402,0.03869045525789261,0.042000770568847656,0.040620289742946625,0.04666299372911453,0.7952627539634705,0.7744303345680237,0.7832013368606567,0.751451849937439,0.5712922811508179,0.5919292569160461,0.5795240998268127,0.6152480840682983,,,,,,,,,,,,,,,,,,,,,,,,
1,99,,,,,,,,,,,,,,,,,,,9.999999747378752e-05,9.999999747378752e-05,3.232564267818816e-06,,,,,,,,,,,,,,,,,,,,,
1,109,,,,,,,,,,,,,,,,,,,,,,0.0,0.0001163043052656576,0.2517186999320984,0.10297029465436935,0.2708950936794281,0.0248617772012949,0.4102705121040344,0.21850712597370148,0.3232126235961914,0.05409323796629906,0.26302045583724976,0.27050402760505676,0.17147758603096008,0.3090257942676544,7.012908458709717,0.26782938838005066,0.16566456854343414,0.16880708932876587,0.3030449450016022,0.3102242350578308,0.2513265013694763
1,109,3826.227294921875,3847.91357421875,3860.179443359375,3838.953369140625,44.39353561401367,7.235211372375488,0.01960248500108719,0.021070269867777824,0.020241746678948402,0.023459503427147865,0.7957864999771118,0.7942759990692139,0.7874680757522583,0.7700380086898804,0.4444279670715332,0.45705103874206543,0.4486342668533325,0.4827735424041748,,,,,,,,,,,,,,,,,,,,,,,,
2,149,,,,,,,,,,,,,,,,,,,9.999999747378752e-05,9.999999747378752e-05,3.232564267818816e-06,,,,,,,,,,,,,,,,,,,,,
2,164,,,,,,,,,,,,,,,,,,,,,,0.13265560567378998,0.0021435737144201994,0.2825239300727844,0.07722771912813187,0.29284393787384033,0.06707123667001724,0.4548666477203369,0.23759055137634277,0.435474157333374,0.09137839078903198,0.3395185172557831,0.36559972167015076,0.21214400231838226,0.34232738614082336,6.671901226043701,0.36224547028541565,0.2073775827884674,0.20569880306720734,0.333079069852829,0.5501782298088074,0.2807861566543579
2,164,3662.05224609375,3768.7158203125,3828.681884765625,3793.15673828125,31.62920379638672,6.746391296386719,0.017215058207511902,0.018119007349014282,0.01750168949365616,0.020328359678387642,0.7304394841194153,0.751408576965332,0.7359309792518616,0.7386560440063477,0.4191800653934479,0.42391908168792725,0.4200902283191681,0.44887733459472656,,,,,,,,,,,,,,,,,,,,,,,,
3,199,,,,,,,,,,,,,,,,,,,9.999999747378752e-05,9.999999747378752e-05,3.232564267818816e-06,,,,,,,,,,,,,,,,,,,,,
3,219,,,,,,,,,,,,,,,,,,,,,,0.22728024423122406,0.0022895338479429483,0.39497843384742737,0.0,0.2906533479690552,0.09822813421487808,0.4914494454860687,0.25670385360717773,0.4696376621723175,0.14558281004428864,0.41654297709465027,0.3969392478466034,0.2412627786397934,0.33717119693756104,6.511692523956299,0.3942755162715912,0.2376803457736969,0.23371735215187073,0.332607239484787,0.6440128087997437,0.3639070987701416
3,219,3776.102294921875,3700.637451171875,3863.820556640625,3798.192138671875,21.6154727935791,6.531425952911377,0.016388533636927605,0.01684235781431198,0.016608361154794693,0.018905628472566605,0.6745635867118835,0.7007129788398743,0.6781187653541565,0.7085333466529846,0.42238953709602356,0.4234004020690918,0.42243507504463196,0.44465935230255127,,,,,,,,,,,,,,,,,,,,,,,,
4,249,,,,,,,,,,,,,,,,,,,9.999999747378752e-05,9.999999747378752e-05,3.232564267818816e-06,,,,,,,,,,,,,,,,,,,,,
4,274,,,,,,,,,,,,,,,,,,,,,,0.23865629732608795,0.021403487771749496,0.4499629735946655,0.0004086122789885849,0.29235273599624634,0.10423042625188828,0.5433675050735474,0.29765576124191284,0.5244220495223999,0.14137627184391022,0.43413418531417847,0.43722406029701233,0.2659445106983185,0.3515404462814331,6.193796634674072,0.42737558484077454,0.26138362288475037,0.2740948498249054,0.35783374309539795,0.5734518766403198,0.38091686367988586
4,274,3816.460205078125,3785.298828125,3871.4033203125,3862.365966796875,17.480859756469727,6.214643955230713,0.014746850356459618,0.015274301171302795,0.015050006099045277,0.01731688529253006,0.6534265875816345,0.6746203303337097,0.653649628162384,0.6841239929199219,0.3942074775695801,0.40004390478134155,0.3989221751689911,0.42526838183403015,,,,,,,,,,,,,,,,,,,,,,,,
5,299,,,,,,,,,,,,,,,,,,,9.999999747378752e-05,9.999999747378752e-05,3.232564267818816e-06,,,,,,,,,,,,,,,,,,,,,
5,329,,,,,,,,,,,,,,,,,,,,,,0.23436321318149567,0.01148518081754446,0.4026501476764679,0.0,0.2985525131225586,0.04288067668676376,0.5856453776359558,0.27763810753822327,0.44704148173332214,0.1066540777683258,0.41922420263290405,0.4461873471736908,0.28010353446006775,0.354264497756958,6.342519760131836,0.403576135635376,0.24069108068943024,0.260559618473053,0.3174145817756653,0.5247796773910522,0.3791942000389099
5,329,3745.51708984375,3688.835205078125,3865.571533203125,3856.140869140625,14.436002731323242,6.105453014373779,0.014475379139184952,0.014934349805116653,0.014997651800513268,0.01748424582183361,0.632441520690918,0.6607636213302612,0.6344707012176514,0.6694048643112183,0.3893909156322479,0.3957686424255371,0.3934187591075897,0.42088061571121216,,,,,,,,,,,,,,,,,,,,,,,,
6,349,,,,,,,,,,,,,,,,,,,9.999999747378752e-05,9.999999747378752e-05,3.232564267818816e-06,,,,,,,,,,,,,,,,,,,,,
6,384,,,,,,,,,,,,,,,,,,,,,,0.28610724210739136,0.03405940532684326,0.42174479365348816,0.0,0.2861141264438629,0.16978468000888824,0.5964992642402649,0.2780492603778839,0.4399023652076721,0.15051834285259247,0.49341893196105957,0.450912207365036,0.2797063887119293,0.35390210151672363,6.16615104675293,0.45792335271835327,0.266277939081192,0.29179611802101135,0.3338416814804077,0.5882453918457031,0.4664393961429596
6,384,3801.573974609375,3695.81591796875,3879.710205078125,3854.730712890625,12.207629203796387,5.97896671295166,0.013784857466816902,0.014368574135005474,0.014245345257222652,0.016163500025868416,0.614287793636322,0.6407185196876526,0.6168975234031677,0.6470566391944885,0.38477641344070435,0.39294660091400146,0.3898812234401703,0.4159940779209137,,,,,,,,,,,,,,,,,,,,,,,,
7,399,,,,,,,,,,,,,,,,,,,9.999999747378752e-05,9.999999747378752e-05,3.232564267818816e-06,,,,,,,,,,,,,,,,,,,,,
7,439,,,,,,,,,,,,,,,,,,,,,,0.294204443693161,0.00043328708852641284,0.5219287276268005,0.0016344491159543395,0.3027125597000122,0.06556655466556549,0.5233089327812195,0.27415597438812256,0.4516419768333435,0.14463049173355103,0.4334053099155426,0.47913017868995667,0.28518953919410706,0.3660522699356079,6.133139610290527,0.4302898347377777,0.258021742105484,0.28462928533554077,0.3359415531158447,0.5561491250991821,0.39286160469055176
7,439,3800.3466796875,3794.817138671875,3874.048828125,3871.873779296875,9.401168823242188,5.769272327423096,0.01224510371685028,0.012653134763240814,0.012401611544191837,0.014125877059996128,0.6175995469093323,0.6400511860847473,0.6199804544448853,0.6468398571014404,0.3667316138744354,0.36934414505958557,0.3685700297355652,0.3891907036304474,,,,,,,,,,,,,,,,,,,,,,,,
8,449,,,,,,,,,,,,,,,,,,,9.999999747378752e-05,9.999999747378752e-05,3.232564267818816e-06,,,,,,,,,,,,,,,,,,,,,
8,494,,,,,,,,,,,,,,,,,,,,,,0.34588032960891724,0.031186392530798912,0.5162491798400879,0.002619981300085783,0.3141486942768097,0.10269607603549957,0.602545976638794,0.27548202872276306,0.5189144015312195,0.2148357331752777,0.522987961769104,0.4894751310348511,0.29757481813430786,0.3711395561695099,5.865746974945068,0.48930951952934265,0.29245588183403015,0.29921814799308777,0.35499706864356995,0.8255699276924133,0.41690418124198914
8,494,3793.7158203125,3819.164794921875,3873.176025390625,3869.860107421875,7.507591724395752,5.696176528930664,0.012313195504248142,0.012707632035017014,0.01236635260283947,0.014183453284204006,0.5997081398963928,0.6196910738945007,0.6032817363739014,0.6245768666267395,0.36675694584846497,0.3714606463909149,0.3663887679576874,0.3909269869327545,,,,,,,,,,,,,,,,,,,,,,,,
9,499,,,,,,,,,,,,,,,,,,,9.999999747378752e-05,9.999999747378752e-05,3.232564267818816e-06,,,,,,,,,,,,,,,,,,,,,
9,549,,,,,,,,,,,,,,,,,,,9.999999747378752e-05,9.999999747378752e-05,3.232564267818816e-06,,,,,,,,,,,,,,,,,,,,,
9,549,,,,,,,,,,,,,,,,,,,,,,0.3443138599395752,0.03492042049765587,0.5034536719322205,0.0,0.30054616928100586,0.10513480007648468,0.5535451769828796,0.30754563212394714,0.49804842472076416,0.19190554320812225,0.5025767087936401,0.4992631673812866,0.3089768886566162,0.37005358934402466,5.936351776123047,0.48754334449768066,0.2839413583278656,0.2976936399936676,0.35223278403282166,0.6941534280776978,0.4523722529411316
9,549,3788.863525390625,3785.76708984375,3867.365966796875,3874.782958984375,7.223906517028809,5.513922214508057,0.011605425737798214,0.012194981798529625,0.011706284247338772,0.01396598294377327,0.5895065069198608,0.614841878414154,0.5933910608291626,0.6208518147468567,0.34698858857154846,0.3521360158920288,0.34914860129356384,0.3757106065750122,,,,,,,,,,,,,,,,,,,,,,,,
10,599,,,,,,,,,,,,,,,,,,,9.999999747378752e-05,9.999999747378752e-05,3.232564267818816e-06,,,,,,,,,,,,,,,,,,,,,
10,604,,,,,,,,,,,,,,,,,,,,,,0.31954532861709595,0.012568255886435509,0.5345598459243774,0.0003321622498333454,0.31558558344841003,0.1380445957183838,0.6325086355209351,0.2746690809726715,0.5127195715904236,0.19338387250900269,0.4968526065349579,0.5070462226867676,0.3133881390094757,0.3775968551635742,5.982146263122559,0.4818374216556549,0.2933916747570038,0.30948570370674133,0.3551078140735626,0.6043109893798828,0.4809972941875458
10,604,3788.574951171875,3780.33642578125,3873.34326171875,3873.64892578125,6.167636871337891,5.594615936279297,0.012031895108520985,0.012488890439271927,0.01226942427456379,0.014651455916464329,0.5863136053085327,0.6070014834403992,0.5864818096160889,0.6169264912605286,0.35899317264556885,0.3622370660305023,0.3624263405799866,0.38668596744537354,,,,,,,,,,,,,,,,,,,,,,,,
11,649,,,,,,,,,,,,,,,,,,,9.999999747378752e-05,9.999999747378752e-05,3.232564267818816e-06,,,,,,,,,,,,,,,,,,,,,
11,659,,,,,,,,,,,,,,,,,,,,,,0.31837692856788635,0.009929234161973,0.5332521796226501,0.0033313920721411705,0.3221551477909088,0.13979369401931763,0.5731724500656128,0.3109850585460663,0.535494863986969,0.18394717574119568,0.5258591175079346,0.5143460631370544,0.3201422095298767,0.3952805995941162,5.920620918273926,0.4878369867801666,0.2930438220500946,0.2861543297767639,0.36142218112945557,0.764201819896698,0.431061327457428
11,659,3777.054443359375,3773.573974609375,3870.263671875,3869.485107421875,5.638301849365234,5.406416416168213,0.010859758593142033,0.01119620818644762,0.010942499153316021,0.01277969777584076,0.5692461729049683,0.5944969654083252,0.5732229948043823,0.6007716059684753,0.34658709168434143,0.3503594398498535,0.3482096791267395,0.3747364282608032,,,,,,,,,,,,,,,,,,,,,,,,
12,699,,,,,,,,,,,,,,,,,,,9.999999747378752e-05,9.999999747378752e-05,3.232564267818816e-06,,,,,,,,,,,,,,,,,,,,,
12,714,,,,,,,,,,,,,,,,,,,,,,0.28416207432746887,0.11237623542547226,0.5491752624511719,0.02574257366359234,0.29228881001472473,0.18444521725177765,0.6057054400444031,0.3054560720920563,0.49338918924331665,0.19422273337841034,0.5492523908615112,0.5266832113265991,0.3260050117969513,0.39968574047088623,5.972533702850342,0.5097956657409668,0.30469635128974915,0.3109833598136902,0.3676488995552063,0.7945745587348938,0.4498582184314728
12,714,3822.23193359375,3780.01708984375,3873.17724609375,3869.377197265625,4.774829864501953,5.363795757293701,0.010776321403682232,0.011149631813168526,0.010856084525585175,0.012831814587116241,0.5666681528091431,0.5899002552032471,0.568373441696167,0.602554202079773,0.3430899679660797,0.3463757038116455,0.34542736411094666,0.3692213296890259,,,,,,,,,,,,,,,,,,,,,,,,
13,749,,,,,,,,,,,,,,,,,,,9.999999747378752e-05,9.999999747378752e-05,3.232564267818816e-06,,,,,,,,,,,,,,,,,,,,,
13,769,,,,,,,,,,,,,,,,,,,,,,0.36139166355133057,0.05112588405609131,0.5545414686203003,0.003089108970016241,0.3009992837905884,0.18827803432941437,0.6056223511695862,0.3274901807308197,0.5366067886352539,0.18810789287090302,0.5484230518341064,0.5412185788154602,0.3340955078601837,0.39965295791625977,5.81085729598999,0.5004706382751465,0.3117252588272095,0.33447587490081787,0.37601545453071594,0.824005663394928,0.44027379155158997
13,769,3832.10791015625,3790.421630859375,3873.28515625,3865.34326171875,4.720933437347412,5.320805549621582,0.010734234936535358,0.01128382608294487,0.010970749892294407,0.012732564471662045,0.569078266620636,0.5891755819320679,0.5718380212783813,0.5914384126663208,0.3373316824436188,0.3449225127696991,0.33851391077041626,0.364565908908844,,,,,,,,,,,,,,,,,,,,,,,,
14,799,,,,,,,,,,,,,,,,,,,9.999999747378752e-05,9.999999747378752e-05,3.232564267818816e-06,,,,,,,,,,,,,,,,,,,,,
14,824,,,,,,,,,,,,,,,,,,,,,,0.38725119829177856,0.05099009722471237,0.6006473898887634,0.0002383571700192988,0.3266805112361908,0.15913540124893188,0.6182602643966675,0.3452276885509491,0.5604256987571716,0.1598108410835266,0.5679548978805542,0.5430604815483093,0.3335692584514618,0.4023093283176422,5.652873516082764,0.5209293961524963,0.32086673378944397,0.34474825859069824,0.3832862377166748,0.672203540802002,0.5271123647689819
14,824,3819.6943359375,3823.3125,3869.10107421875,3867.6044921875,4.442561149597168,5.246036529541016,0.010143650695681572,0.010847188532352448,0.01024392619729042,0.012947452254593372,0.5648364424705505,0.6045050621032715,0.5706403255462646,0.6126562356948853,0.32254213094711304,0.3304594159126282,0.32447269558906555,0.35876938700675964,,,,,,,,,,,,,,,,,,,,,,,,
15,849,,,,,,,,,,,,,,,,,,,9.999999747378752e-05,9.999999747378752e-05,3.232564267818816e-06,,,,,,,,,,,,,,,,,,,,,
15,879,,,,,,,,,,,,,,,,,,,,,,0.3301618993282318,0.02783111110329628,0.5723720788955688,0.0011701170587912202,0.3099670708179474,0.13914340734481812,0.565811276435852,0.33843356370925903,0.49706530570983887,0.21644777059555054,0.5576617121696472,0.5435506105422974,0.3400079309940338,0.4126701056957245,5.79755163192749,0.5169652700424194,0.29984036087989807,0.3147081732749939,0.3664122521877289,0.6705564260482788,0.5010290145874023
15,879,3856.2294921875,3827.17041015625,3880.91357421875,3872.241943359375,3.2907121181488037,5.137599945068359,0.009644708596169949,0.010304025374352932,0.009984361007809639,0.011948092840611935,0.5565935373306274,0.5802901983261108,0.5555326342582703,0.5897887349128723,0.32018446922302246,0.3272448778152466,0.3253324031829834,0.3502305746078491,,,,,,,,,,,,,,,,,,,,,,,,
16,899,,,,,,,,,,,,,,,,,,,9.999999747378752e-05,9.999999747378752e-05,3.232564267818816e-06,,,,,,,,,,,,,,,,,,,,,
16,934,,,,,,,,,,,,,,,,,,,,,,0.3751419484615326,0.16656093299388885,0.5557584166526794,0.0008304056245833635,0.30848291516304016,0.08344615250825882,0.6064485311508179,0.32279133796691895,0.4872494637966156,0.20921334624290466,0.5416316390037537,0.5382160544395447,0.33843353390693665,0.40106096863746643,5.637198448181152,0.503484845161438,0.31159234046936035,0.34288957715034485,0.381195604801178,0.641533613204956,0.5022680163383484
16,934,3827.581787109375,3820.95458984375,3873.91357421875,3866.977294921875,3.280153274536133,5.096951961517334,0.009844287298619747,0.010446102358400822,0.01000296138226986,0.012046275660395622,0.5524653792381287,0.5768724083900452,0.5550975799560547,0.5872535109519958,0.31709522008895874,0.3230917751789093,0.31919586658477783,0.347398966550827,,,,,,,,,,,,,,,,,,,,,,,,
17,949,,,,,,,,,,,,,,,,,,,9.999999747378752e-05,9.999999747378752e-05,3.232564267818816e-06,,,,,,,,,,,,,,,,,,,,,
17,989,,,,,,,,,,,,,,,,,,,,,,0.29906001687049866,0.2316831648349762,0.5491716861724854,0.00020337158639449626,0.3072456121444702,0.1246676966547966,0.5888879895210266,0.2883433699607849,0.4145543873310089,0.22709478437900543,0.5592116117477417,0.5370441675186157,0.33566275238990784,0.399616003036499,6.034547805786133,0.5031423568725586,0.3030911982059479,0.3149303197860718,0.3670887351036072,0.7481429576873779,0.4777999222278595
17,989,3810.0966796875,3779.223876953125,3865.532958984375,3870.30224609375,3.3230032920837402,5.049656867980957,0.00979144312441349,0.010178694501519203,0.009920530952513218,0.011731384322047234,0.5485231876373291,0.5676887631416321,0.547059953212738,0.5712007880210876,0.31514063477516174,0.32247230410575867,0.3192388415336609,0.3466844856739044,,,,,,,,,,,,,,,,,,,,,,,,
18,999,,,,,,,,,,,,,,,,,,,9.999999747378752e-05,9.999999747378752e-05,3.232564267818816e-06,,,,,,,,,,,,,,,,,,,,,
18,1044,,,,,,,,,,,,,,,,,,,,,,0.32579439878463745,0.12312814593315125,0.5955553650856018,0.0,0.3248082101345062,0.15358476340770721,0.6049600839614868,0.35029545426368713,0.5046039819717407,0.22740592062473297,0.5714326500892639,0.5424971580505371,0.34166526794433594,0.4104445278644562,5.672854900360107,0.5241702795028687,0.3210136294364929,0.3307596743106842,0.38544410467147827,0.7014857530593872,0.5027657151222229
18,1044,3819.14208984375,3802.504638671875,3880.693115234375,3883.71142578125,3.0938401222229004,5.119769096374512,0.009597850032150745,0.00994280818849802,0.009739052504301071,0.011620885692536831,0.5545052289962769,0.5760531425476074,0.5555210113525391,0.5851607322692871,0.32015445828437805,0.326738566160202,0.32368525862693787,0.35143497586250305,,,,,,,,,,,,,,,,,,,,,,,,
19,1049,,,,,,,,,,,,,,,,,,,9.999999747378752e-05,9.999999747378752e-05,3.232564267818816e-06,,,,,,,,,,,,,,,,,,,,,
19,1099,,,,,,,,,,,,,,,,,,,9.999999747378752e-05,9.999999747378752e-05,3.232564267818816e-06,,,,,,,,,,,,,,,,,,,,,
19,1099,,,,,,,,,,,,,,,,,,,,,,0.36507275700569153,0.006077444646507502,0.6056872010231018,0.003089108970016241,0.3262036144733429,0.09161952137947083,0.5898248553276062,0.31406351923942566,0.5230821967124939,0.2105301022529602,0.5248245596885681,0.5353328585624695,0.3347366452217102,0.40633371472358704,5.80483341217041,0.5031046867370605,0.30352503061294556,0.33896520733833313,0.3668273687362671,0.6196882128715515,0.48282673954963684
19,1099,3783.28173828125,3786.96826171875,3876.776123046875,3879.07275390625,2.7969768047332764,4.954460620880127,0.00903313234448433,0.009524889290332794,0.00919240154325962,0.011081579141318798,0.5430641770362854,0.5630254745483398,0.5443359613418579,0.5739777088165283,0.30797073245048523,0.31395891308784485,0.3098686635494232,0.3361496031284332,,,,,,,,,,,,,,,,,,,,,,,,
20,1149,,,,,,,,,,,,,,,,,,,9.999999747378752e-05,9.999999747378752e-05,3.232564267818816e-06,,,,,,,,,,,,,,,,,,,,,
20,1154,,,,,,,,,,,,,,,,,,,,,,0.3533078730106354,0.19844667613506317,0.6048679947853088,0.0011192423989996314,0.32632797956466675,0.15140105783939362,0.6151485443115234,0.3468659818172455,0.4931274950504303,0.2636392116546631,0.5898352265357971,0.5307637453079224,0.33801475167274475,0.40521639585494995,5.556405067443848,0.5306596755981445,0.3354251980781555,0.34608379006385803,0.4007626175880432,0.8015316128730774,0.48899832367897034
20,1154,3793.741943359375,3802.65673828125,3881.890869140625,3881.932861328125,2.9408349990844727,4.974521160125732,0.009288935922086239,0.009711284190416336,0.009500782005488873,0.011155465617775917,0.5440424084663391,0.5650219917297363,0.5427190065383911,0.5719971656799316,0.3104446530342102,0.31602492928504944,0.3131788372993469,0.33658120036125183,,,,,,,,,,,,,,,,,,,,,,,,
21,1199,,,,,,,,,,,,,,,,,,,9.999999747378752e-05,9.999999747378752e-05,3.232564267818816e-06,,,,,,,,,,,,,,,,,,,,,
21,1209,,,,,,,,,,,,,,,,,,,,,,0.38625505566596985,0.06559830904006958,0.5886513590812683,0.005516265984624624,0.3339480459690094,0.14247426390647888,0.6151857972145081,0.3364103436470032,0.5646896362304688,0.23302710056304932,0.5617284774780273,0.5331188440322876,0.33818936347961426,0.406319260597229,5.628285884857178,0.5264086723327637,0.3271756172180176,0.33741745352745056,0.4104953706264496,0.7079797983169556,0.49140384793281555
21,1209,3677.0830078125,3627.110107421875,3865.046630859375,3868.939697265625,2.192535161972046,4.770918846130371,0.00848963763564825,0.008888092823326588,0.00863266084343195,0.01023540087044239,0.5308396816253662,0.5512195825576782,0.5316575765609741,0.5601820945739746,0.2922368049621582,0.2989044189453125,0.2948053777217865,0.32194948196411133,,,,,,,,,,,,,,,,,,,,,,,,
22,1249,,,,,,,,,,,,,,,,,,,9.999999747378752e-05,9.999999747378752e-05,3.232564267818816e-06,,,,,,,,,,,,,,,,,,,,,
22,1264,,,,,,,,,,,,,,,,,,,,,,0.36361274123191833,0.08573989570140839,0.5859047770500183,0.0006517107249237597,0.316694974899292,0.10475606471300125,0.5718951225280762,0.32524222135543823,0.48331791162490845,0.2312886118888855,0.5355957746505737,0.5320472717285156,0.3400883674621582,0.40712589025497437,5.662578582763672,0.5058541893959045,0.3069103956222534,0.3214901387691498,0.3863261342048645,0.7118005752563477,0.444339394569397
22,1264,3770.07958984375,3640.76025390625,3877.702392578125,3884.938720703125,2.2632508277893066,4.916250705718994,0.008977160789072514,0.009594494476914406,0.009195183403789997,0.011179369874298573,0.538794755935669,0.5503998398780823,0.5400658249855042,0.5636333227157593,0.3064691424369812,0.313554048538208,0.3089381754398346,0.33535122871398926,,,,,,,,,,,,,,,,,,,,,,,,
23,1299,,,,,,,,,,,,,,,,,,,9.999999747378752e-05,9.999999747378752e-05,3.232564267818816e-06,,,,,,,,,,,,,,,,,,,,,
23,1319,,,,,,,,,,,,,,,,,,,,,,0.40368515253067017,0.108147531747818,0.5827575922012329,0.000525358656886965,0.3417832851409912,0.12665016949176788,0.6064103245735168,0.3455011248588562,0.5586578845977783,0.2577170431613922,0.5800981521606445,0.5336694717407227,0.3444293141365051,0.40957069396972656,5.561114311218262,0.5489189624786377,0.33318355679512024,0.32020774483680725,0.39310401678085327,0.6603618264198303,0.548517644405365
23,1319,3769.46484375,3504.827392578125,3865.41943359375,3882.8818359375,2.2895267009735107,4.813054084777832,0.008875766769051552,0.009102442301809788,0.008980803191661835,0.010544290766119957,0.530228316783905,0.553153395652771,0.5314159393310547,0.557734489440918,0.29822322726249695,0.3024061620235443,0.3003813326358795,0.3254934549331665,,,,,,,,,,,,,,,,,,,,,,,,
24,1349,,,,,,,,,,,,,,,,,,,9.999999747378752e-05,9.999999747378752e-05,3.232564267818816e-06,,,,,,,,,,,,,,,,,,,,,
24,1374,,,,,,,,,,,,,,,,,,,,,,0.4022991955280304,0.16574521362781525,0.5667579174041748,0.0,0.33775272965431213,0.10726072639226913,0.6420016884803772,0.32759711146354675,0.5461388230323792,0.2282545119524002,0.5834063291549683,0.5385615229606628,0.3462928235530853,0.4093225598335266,5.458059310913086,0.5361596345901489,0.3323808014392853,0.3550359010696411,0.3960725665092468,0.8064568638801575,0.48591411113739014
24,1374,3766.16259765625,3557.8193359375,3869.880615234375,3873.09765625,2.193969488143921,4.829159736633301,0.00859481655061245,0.008880014531314373,0.008777996525168419,0.01043679192662239,0.5386056303977966,0.5623118281364441,0.5362553596496582,0.5650665760040283,0.29457101225852966,0.3016873896121979,0.2997511029243469,0.32572540640830994,,,,,,,,,,,,,,,,,,,,,,,,
25,1399,,,,,,,,,,,,,,,,,,,9.999999747378752e-05,9.999999747378752e-05,3.232564267818816e-06,,,,,,,,,,,,,,,,,,,,,
25,1429,,,,,,,,,,,,,,,,,,,,,,0.37158510088920593,0.12722772359848022,0.6423782110214233,0.004826732445508242,0.3411029279232025,0.0925660952925682,0.6409258842468262,0.3624187111854553,0.4902392327785492,0.2381865680217743,0.5850512981414795,0.5442743897438049,0.34655001759529114,0.417605996131897,5.411081790924072,0.5223109126091003,0.3311457335948944,0.3504829704761505,0.40322214365005493,0.7191985249519348,0.520024299621582
25,1429,3864.21142578125,3742.122802734375,3881.929443359375,3880.5556640625,1.9873769283294678,5.003482341766357,0.00915819313377142,0.009694183245301247,0.009366584941744804,0.011095482856035233,0.5472773313522339,0.5624257922172546,0.5442737936973572,0.568580687046051,0.31416335701942444,0.3200185298919678,0.3163977265357971,0.34159770607948303,,,,,,,,,,,,,,,,,,,,,,,,
26,1449,,,,,,,,,,,,,,,,,,,9.999999747378752e-05,9.999999747378752e-05,3.232564267818816e-06,,,,,,,,,,,,,,,,,,,,,
26,1484,,,,,,,,,,,,,,,,,,,,,,0.38155823945999146,0.0923861414194107,0.6269665956497192,0.002145214471966028,0.3416364789009094,0.09100941568613052,0.6311787366867065,0.37245506048202515,0.5110725164413452,0.22796723246574402,0.595126211643219,0.5449560284614563,0.3487781584262848,0.41496163606643677,5.540534019470215,0.525585412979126,0.3278375566005707,0.3291422724723816,0.3892054855823517,0.7289174795150757,0.5301530957221985
26,1484,3850.2783203125,3774.09423828125,3883.758056640625,3885.73193359375,2.1260337829589844,4.7835259437561035,0.008337036706507206,0.008789340034127235,0.008437752723693848,0.01020638644695282,0.5300588011741638,0.5513362288475037,0.5316727757453918,0.557660698890686,0.2935943305492401,0.30225685238838196,0.2958335280418396,0.3252871334552765,,,,,,,,,,,,,,,,,,,,,,,,
27,1499,,,,,,,,,,,,,,,,,,,9.999999747378752e-05,9.999999747378752e-05,3.232564267818816e-06,,,,,,,,,,,,,,,,,,,,,
27,1539,,,,,,,,,,,,,,,,,,,,,,0.3980152904987335,0.1551155149936676,0.5789058804512024,0.02574257366359234,0.33604860305786133,0.10524389147758484,0.6232990622520447,0.36906513571739197,0.4543485939502716,0.22480569779872894,0.6060713529586792,0.5479774475097656,0.35060209035873413,0.4183105528354645,5.52124547958374,0.5539796352386475,0.3270590305328369,0.3268287181854248,0.3855835795402527,0.7630569338798523,0.5367712378501892
27,1539,3835.73193359375,3798.1455078125,3882.65673828125,3883.386474609375,2.4585001468658447,4.840357780456543,0.00878699030727148,0.009453635662794113,0.008996150456368923,0.011072291061282158,0.5292158126831055,0.5493842959403992,0.530695915222168,0.5575206875801086,0.30025190114974976,0.3069761097431183,0.3036848306655884,0.3300856053829193,,,,,,,,,,,,,,,,,,,,,,,,
28,1549,,,,,,,,,,,,,,,,,,,9.999999747378752e-05,9.999999747378752e-05,3.232564267818816e-06,,,,,,,,,,,,,,,,,,,,,
28,1594,,,,,,,,,,,,,,,,,,,,,,0.3916761875152588,0.14388981461524963,0.5859221816062927,0.0005850585293956101,0.3397678732872009,0.13386209309101105,0.5774827003479004,0.37149888277053833,0.43147313594818115,0.24487024545669556,0.5812588930130005,0.5435381531715393,0.3476521670818329,0.41176509857177734,5.53488826751709,0.5267960429191589,0.322102814912796,0.3358014225959778,0.39569202065467834,0.809906542301178,0.4810001254081726
28,1594,3780.16259765625,3744.53759765625,3871.21923828125,3868.776123046875,1.7912852764129639,4.731973171234131,0.008095333352684975,0.008585445582866669,0.008238031528890133,0.010243035852909088,0.5224915146827698,0.5415301322937012,0.5229093432426453,0.5582897067070007,0.29048508405685425,0.29677149653434753,0.29473116993904114,0.32348522543907166,,,,,,,,,,,,,,,,,,,,,,,,
29,1599,,,,,,,,,,,,,,,,,,,9.999999747378752e-05,9.999999747378752e-05,3.232564267818816e-06,,,,,,,,,,,,,,,,,,,,,
29,1649,,,,,,,,,,,,,,,,,,,9.999999747378752e-05,9.999999747378752e-05,3.232564267818816e-06,,,,,,,,,,,,,,,,,,,,,
29,1649,,,,,,,,,,,,,,,,,,,,,,0.36613863706588745,0.09785078465938568,0.5756621956825256,0.02574257366359234,0.33950626850128174,0.08970297127962112,0.5838696360588074,0.3709789514541626,0.5059189796447754,0.27437952160835266,0.5925188660621643,0.5524063110351562,0.34674420952796936,0.4157094359397888,5.533730506896973,0.5523588061332703,0.3229750394821167,0.32134416699409485,0.38384243845939636,0.7693166136741638,0.5194346904754639
29,1649,3727.136474609375,3727.671630859375,3866.583984375,3868.54541015625,1.8281198740005493,4.7406086921691895,0.008215718902647495,0.00850228313356638,0.008381925523281097,0.010334193706512451,0.5242164134979248,0.5470543503761292,0.5248784422874451,0.5579115748405457,0.29104259610176086,0.2972538471221924,0.2940135598182678,0.3223804533481598,,,,,,,,,,,,,,,,,,,,,,,,
30,1699,,,,,,,,,,,,,,,,,,,9.999999747378752e-05,9.999999747378752e-05,3.232564267818816e-06,,,,,,,,,,,,,,,,,,,,,
30,1704,,,,,,,,,,,,,,,,,,,,,,0.3896225690841675,0.08584161102771759,0.5707619190216064,0.03432343155145645,0.33991268277168274,0.11872204393148422,0.5466541647911072,0.34231314063072205,0.5922109484672546,0.2592129707336426,0.6003952622413635,0.5522626638412476,0.34499192237854004,0.4200681746006012,5.519242286682129,0.564649224281311,0.32795754075050354,0.32623618841171265,0.41328737139701843,0.7634866833686829,0.519483208656311
30,1704,3755.477294921875,3725.54443359375,3875.0,3868.20556640625,1.5614490509033203,4.658003330230713,0.008008113130927086,0.008444638922810555,0.008073370903730392,0.010064059868454933,0.5243452787399292,0.5431320667266846,0.524601936340332,0.551301896572113,0.28286123275756836,0.290593683719635,0.28459906578063965,0.3127806782722473,,,,,,,,,,,,,,,,,,,,,,,,
31,1749,,,,,,,,,,,,,,,,,,,9.999999747378752e-05,9.999999747378752e-05,3.232564267818816e-06,,,,,,,,,,,,,,,,,,,,,
31,1759,,,,,,,,,,,,,,,,,,,,,,0.37822580337524414,0.06792520731687546,0.5802789926528931,0.004290428943932056,0.3316959738731384,0.07303857803344727,0.6319332122802734,0.35627880692481995,0.51353919506073,0.2632453739643097,0.561040461063385,0.5507261753082275,0.34887927770614624,0.4185996949672699,5.6471428871154785,0.5212196111679077,0.32004514336586,0.3253224194049835,0.38849660754203796,0.716198742389679,0.48501935601234436
31,1759,3798.66357421875,3687.583984375,3879.498779296875,3876.33740234375,1.452016830444336,4.637161731719971,0.007828840985894203,0.008092091418802738,0.007982520386576653,0.00965854711830616,0.5241662859916687,0.5437209606170654,0.524357795715332,0.557391345500946,0.2811204791069031,0.28563040494918823,0.2850036919116974,0.3081038296222687,,,,,,,,,,,,,,,,,,,,,,,,
32,1799,,,,,,,,,,,,,,,,,,,9.999999747378752e-05,9.999999747378752e-05,3.232564267818816e-06,,,,,,,,,,,,,,,,,,,,,
32,1814,,,,,,,,,,,,,,,,,,,,,,0.4115910530090332,0.11425285041332245,0.5563254952430725,0.02574257366359234,0.3498152196407318,0.03624850884079933,0.6321350336074829,0.3827150762081146,0.5589815974235535,0.21819047629833221,0.5798463821411133,0.5447202920913696,0.34597721695899963,0.42025214433670044,5.423751354217529,0.5477888584136963,0.3285997807979584,0.3300260901451111,0.3944515585899353,0.8036496639251709,0.4953378438949585
32,1814,3795.009033203125,3687.436279296875,3876.071533203125,3872.561279296875,1.7807921171188354,4.591523170471191,0.007649076636880636,0.008061137050390244,0.007763074245303869,0.00987243466079235,0.5168056488037109,0.537480354309082,0.5177885293960571,0.5479980707168579,0.2784545123577118,0.2838740348815918,0.2807849645614624,0.30924755334854126,,,,,,,,,,,,,,,,,,,,,,,,
33,1849,,,,,,,,,,,,,,,,,,,9.999999747378752e-05,9.999999747378752e-05,3.232564267818816e-06,,,,,,,,,,,,,,,,,,,,,
33,1869,,,,,,,,,,,,,,,,,,,,,,0.38073667883872986,0.1367456167936325,0.5826194286346436,0.0,0.33698344230651855,0.10665459930896759,0.6158968806266785,0.33291342854499817,0.5622530579566956,0.19064775109291077,0.5903772115707397,0.5545849800109863,0.35040178894996643,0.4172677993774414,5.408573150634766,0.5433438420295715,0.32454508543014526,0.3347185552120209,0.37760621309280396,0.7297934293746948,0.5239986777305603
33,1869,3807.1943359375,3718.511474609375,3873.09765625,3880.546630859375,1.7798726558685303,4.521111011505127,0.0074920253828167915,0.00797977950423956,0.007619448006153107,0.009606214240193367,0.5117769837379456,0.5356749296188354,0.5143694877624512,0.5447388291358948,0.2733522653579712,0.2771756649017334,0.27460962533950806,0.30039292573928833,,,,,,,,,,,,,,,,,,,,,,,,
34,1899,,,,,,,,,,,,,,,,,,,9.999999747378752e-05,9.999999747378752e-05,3.232564267818816e-06,,,,,,,,,,,,,,,,,,,,,
34,1924,,,,,,,,,,,,,,,,,,,,,,0.41245728731155396,0.07952442765235901,0.6521878838539124,0.018387552350759506,0.3395964503288269,0.08995269984006882,0.6086509823799133,0.3679407835006714,0.5440924167633057,0.27816513180732727,0.587419867515564,0.5550463795661926,0.3545728921890259,0.4176625609397888,5.301289081573486,0.5540316104888916,0.3390955626964569,0.3300371766090393,0.40920621156692505,0.8068886995315552,0.5042130947113037
34,1924,3848.238525390625,3756.33642578125,3877.598876953125,3880.1044921875,1.67839777469635,4.622048854827881,0.007782673928886652,0.008248544298112392,0.00790000893175602,0.009845055639743805,0.5151139497756958,0.5350194573402405,0.5178266763687134,0.5455952286720276,0.2843329906463623,0.2886964678764343,0.28484272956848145,0.31193268299102783,,,,,,,,,,,,,,,,,,,,,,,,
35,1949,,,,,,,,,,,,,,,,,,,9.999999747378752e-05,9.999999747378752e-05,3.232564267818816e-06,,,,,,,,,,,,,,,,,,,,,
35,1979,,,,,,,,,,,,,,,,,,,,,,0.3663940727710724,0.15527285635471344,0.5549969673156738,0.01287128683179617,0.3429730534553528,0.13535922765731812,0.5998064875602722,0.34634870290756226,0.5216407179832458,0.2505205571651459,0.5968074798583984,0.5534654259681702,0.35591015219688416,0.41880002617836,5.571074485778809,0.5371500253677368,0.3286184072494507,0.3414608836174011,0.38929951190948486,0.7011378407478333,0.5562588572502136
35,1979,3804.761474609375,3674.735107421875,3867.52392578125,3875.494384765625,1.361586093902588,4.511662483215332,0.007277982775121927,0.007636020425707102,0.007349180057644844,0.009328770451247692,0.5100616216659546,0.5376437306404114,0.5099871158599854,0.5478412508964539,0.27125856280326843,0.27725470066070557,0.27473676204681396,0.30083444714546204,,,,,,,,,,,,,,,,,,,,,,,,
36,1999,,,,,,,,,,,,,,,,,,,9.999999747378752e-05,9.999999747378752e-05,3.232564267818816e-06,,,,,,,,,,,,,,,,,,,,,
36,2034,,,,,,,,,,,,,,,,,,,,,,0.36673504114151,0.21188119053840637,0.5782923102378845,0.02574257366359234,0.34888917207717896,0.15024149417877197,0.6284869909286499,0.37440937757492065,0.4932992458343506,0.2603578269481659,0.6198713183403015,0.5461153984069824,0.35259994864463806,0.42004892230033875,5.419157981872559,0.5480636954307556,0.3438335359096527,0.3440471887588501,0.39474526047706604,0.7774529457092285,0.5491723418235779
36,2034,3803.978515625,3616.064697265625,3853.57958984375,3870.92041015625,1.6770209074020386,4.487514972686768,0.007413284853100777,0.007775286212563515,0.007559540215879679,0.009378984570503235,0.5062265396118164,0.5356996059417725,0.5088548064231873,0.544069230556488,0.2705919146537781,0.27345266938209534,0.27169620990753174,0.30027395486831665,,,,,,,,,,,,,,,,,,,,,,,,
37,2049,,,,,,,,,,,,,,,,,,,9.999999747378752e-05,9.999999747378752e-05,3.232564267818816e-06,,,,,,,,,,,,,,,,,,,,,
37,2089,,,,,,,,,,,,,,,,,,,,,,0.3948974311351776,0.15256458520889282,0.5460006594657898,4.019137122668326e-05,0.3245004415512085,0.14161716401576996,0.5721525549888611,0.3730565011501312,0.5138963460922241,0.26074764132499695,0.5962720513343811,0.5417666435241699,0.3507858216762543,0.4228510558605194,5.54057502746582,0.5304855704307556,0.32794734835624695,0.3465345799922943,0.4059290885925293,0.7682796120643616,0.5141174793243408
37,2089,3839.8056640625,3657.870361328125,3875.08740234375,3870.498779296875,1.4569252729415894,4.566086292266846,0.00759986462071538,0.007869771681725979,0.0076850466430187225,0.009747765026986599,0.5133054852485657,0.5471304655075073,0.5144408345222473,0.5514348745346069,0.2750757038593292,0.2799203395843506,0.2776389718055725,0.3049955666065216,,,,,,,,,,,,,,,,,,,,,,,,
38,2099,,,,,,,,,,,,,,,,,,,9.999999747378752e-05,9.999999747378752e-05,3.232564267818816e-06,,,,,,,,,,,,,,,,,,,,,
38,2144,,,,,,,,,,,,,,,,,,,,,,0.38383716344833374,0.2419009953737259,0.6032149791717529,0.026007961481809616,0.3283442556858063,0.09967049211263657,0.594267725944519,0.3719252347946167,0.5130068063735962,0.2593553066253662,0.5830538272857666,0.5377142429351807,0.3512147068977356,0.4225170314311981,5.37874174118042,0.5648517608642578,0.3421531021595001,0.3492341935634613,0.41831547021865845,0.6974486708641052,0.5172670483589172
38,2144,3857.02392578125,3621.896484375,3880.23974609375,3874.04541015625,1.4599566459655762,4.574797630310059,0.007452812977135181,0.007863679900765419,0.007588834967464209,0.009313576854765415,0.5182473659515381,0.5421544313430786,0.5204383730888367,0.554032564163208,0.2760234773159027,0.28028401732444763,0.27743083238601685,0.30567726492881775,,,,,,,,,,,,,,,,,,,,,,,,
39,2149,,,,,,,,,,,,,,,,,,,9.999999747378752e-05,9.999999747378752e-05,3.232564267818816e-06,,,,,,,,,,,,,,,,,,,,,
39,2199,,,,,,,,,,,,,,,,,,,9.999999747378752e-05,9.999999747378752e-05,3.232564267818816e-06,,,,,,,,,,,,,,,,,,,,,
39,2199,,,,,,,,,,,,,,,,,,,,,,0.4280265271663666,0.15021675825119019,0.6279425621032715,0.0001119242369895801,0.35246995091438293,0.16232484579086304,0.6192358732223511,0.3824613094329834,0.48926907777786255,0.2793256342411041,0.6099317669868469,0.5479796528816223,0.3549376130104065,0.4279611110687256,5.371891021728516,0.5603780746459961,0.34913843870162964,0.3768630027770996,0.4226917028427124,0.7211514115333557,0.5488952398300171
39,2199,3842.1591796875,3602.60791015625,3873.011474609375,3876.1455078125,1.1946420669555664,4.577409267425537,0.007509532850235701,0.0078457435593009,0.007597301155328751,0.00966087356209755,0.5199853777885437,0.5482611656188965,0.5210665464401245,0.5540928840637207,0.2745944559574127,0.2786727249622345,0.2771472930908203,0.305052250623703,,,,,,,,,,,,,,,,,,,,,,,,
40,2249,,,,,,,,,,,,,,,,,,,9.999999747378752e-05,9.999999747378752e-05,3.232564267818816e-06,,,,,,,,,,,,,,,,,,,,,
40,2254,,,,,,,,,,,,,,,,,,,,,,0.3657180368900299,0.2341196984052658,0.6231042742729187,0.0,0.32217586040496826,0.14199785888195038,0.6140426993370056,0.35063254833221436,0.46572861075401306,0.2819981873035431,0.5946348309516907,0.5514757633209229,0.35522615909576416,0.4267362356185913,5.460921287536621,0.5407978892326355,0.3399517834186554,0.3661957383155823,0.3911464810371399,0.80886310338974,0.4965840280056
40,2254,3854.384033203125,3733.73193359375,3883.369384765625,3878.435302734375,1.4524434804916382,4.429718494415283,0.007266916800290346,0.007595316506922245,0.007358970586210489,0.009204545058310032,0.5068863034248352,0.5246760845184326,0.5079154372215271,0.5332184433937073,0.2663216292858124,0.2713342308998108,0.2686614990234375,0.29362866282463074,,,,,,,,,,,,,,,,,,,,,,,,
41,2299,,,,,,,,,,,,,,,,,,,9.999999747378752e-05,9.999999747378752e-05,3.232564267818816e-06,,,,,,,,,,,,,,,,,,,,,
41,2309,,,,,,,,,,,,,,,,,,,,,,0.4126083552837372,0.07097810506820679,0.6448068022727966,0.0,0.3370947241783142,0.12720626592636108,0.6182416677474976,0.39438119530677795,0.583249568939209,0.24510765075683594,0.5842739939689636,0.5586103200912476,0.36247342824935913,0.43003135919570923,5.307234764099121,0.5520663261413574,0.34336742758750916,0.3588775098323822,0.40249350666999817,0.7089917063713074,0.5189663767814636
41,2309,3866.39306640625,3764.59765625,3887.353515625,3875.1181640625,1.1908957958221436,4.433167457580566,0.007205164525657892,0.0075115617364645,0.0073422580026090145,0.009132325649261475,0.5050619840621948,0.5271914601325989,0.5077366828918457,0.537264347076416,0.2659406065940857,0.27155905961990356,0.26791268587112427,0.29456549882888794,,,,,,,,,,,,,,,,,,,,,,,,
42,2349,,,,,,,,,,,,,,,,,,,9.999999747378752e-05,9.999999747378752e-05,3.232564267818816e-06,,,,,,,,,,,,,,,,,,,,,
42,2364,,,,,,,,,,,,,,,,,,,,,,0.4306913912296295,0.13678094744682312,0.6638087034225464,0.001072607235983014,0.36456289887428284,0.14715732634067535,0.6234370470046997,0.3801586925983429,0.5907532572746277,0.24638204276561737,0.6028825640678406,0.5772744417190552,0.3768126666545868,0.44701462984085083,5.212116718292236,0.5536020398139954,0.3584804832935333,0.3825669288635254,0.4090586304664612,0.7460668087005615,0.530891478061676
42,2364,3851.490966796875,3725.7568359375,3881.99658203125,3876.539794921875,1.2110422849655151,4.29049015045166,0.006787210702896118,0.006983147468417883,0.006791627034544945,0.008443235419690609,0.49369052052497864,0.5219306349754333,0.49526503682136536,0.5274926424026489,0.2564728558063507,0.2589513659477234,0.2573094069957733,0.2808101773262024,,,,,,,,,,,,,,,,,,,,,,,,
43,2399,,,,,,,,,,,,,,,,,,,9.999999747378752e-05,9.999999747378752e-05,3.232564267818816e-06,,,,,,,,,,,,,,,,,,,,,
43,2419,,,,,,,,,,,,,,,,,,,,,,0.3874502182006836,0.09354563802480698,0.6115118265151978,0.0012871286598965526,0.34334948658943176,0.17046204209327698,0.6146975755691528,0.3729589879512787,0.5603595972061157,0.27101224660873413,0.59059739112854,0.579535961151123,0.38270384073257446,0.45320773124694824,5.4582085609436035,0.5608853697776794,0.3426634669303894,0.350320041179657,0.40842205286026,0.7953174710273743,0.49778252840042114
43,2419,3871.554443359375,3713.904541015625,3887.970458984375,3879.564697265625,0.9054105877876282,4.324897766113281,0.006687137298285961,0.006998894270509481,0.006770208012312651,0.008609303273260593,0.4916938841342926,0.5163124203681946,0.4933869242668152,0.529170036315918,0.258542537689209,0.264719158411026,0.2619573175907135,0.28928324580192566,,,,,,,,,,,,,,,,,,,,,,,,
44,2449,,,,,,,,,,,,,,,,,,,9.999999747378752e-05,9.999999747378752e-05,3.232564267818816e-06,,,,,,,,,,,,,,,,,,,,,
44,2474,,,,,,,,,,,,,,,,,,,,,,0.3423789143562317,0.06254912167787552,0.6695394515991211,0.0,0.3365221619606018,0.14930623769760132,0.6490640044212341,0.3727114200592041,0.5888127684593201,0.26873329281806946,0.5604018568992615,0.5696431994438171,0.3737640380859375,0.4264088273048401,5.430674076080322,0.5339297652244568,0.3439617156982422,0.3732432723045349,0.3978847861289978,0.7429298758506775,0.4898146092891693
44,2474,3865.418212890625,3712.75341796875,3884.130615234375,3881.3330078125,1.1528123617172241,4.315465927124023,0.0068692234344780445,0.007094185333698988,0.006873988080769777,0.009156901389360428,0.49368080496788025,0.5203538537025452,0.4941572844982147,0.5393784046173096,0.2549211084842682,0.2583845257759094,0.2558743357658386,0.28978243470191956,,,,,,,,,,,,,,,,,,,,,,,,
45,2499,,,,,,,,,,,,,,,,,,,9.999999747378752e-05,9.999999747378752e-05,3.232564267818816e-06,,,,,,,,,,,,,,,,,,,,,
45,2529,,,,,,,,,,,,,,,,,,,,,,0.46747782826423645,0.16978389024734497,0.6443329453468323,0.0,0.35769253969192505,0.12328565865755081,0.670833170413971,0.36016470193862915,0.5879865288734436,0.2805911600589752,0.6242114901542664,0.5635203719139099,0.3692602217197418,0.42291417717933655,5.254137992858887,0.5777967572212219,0.3662148416042328,0.3792881667613983,0.4190284311771393,0.7667356729507446,0.5486029982566833
45,2529,3856.102294921875,3662.009033203125,3884.95458984375,3873.541015625,1.4713932275772095,4.36460542678833,0.007077203597873449,0.007470906712114811,0.007223019376397133,0.008981173858046532,0.5012413263320923,0.5222451090812683,0.5030847787857056,0.5331888794898987,0.25988683104515076,0.2644999325275421,0.2610820531845093,0.2900715172290802,,,,,,,,,,,,,,,,,,,,,,,,
46,2549,,,,,,,,,,,,,,,,,,,9.999999747378752e-05,9.999999747378752e-05,3.232564267818816e-06,,,,,,,,,,,,,,,,,,,,,
46,2584,,,,,,,,,,,,,,,,,,,,,,0.41291531920433044,0.2564975321292877,0.6179124116897583,0.0001483721862314269,0.3631438612937927,0.1307218372821808,0.646888256072998,0.3731050491333008,0.595930814743042,0.2598994970321655,0.6266632080078125,0.5816143155097961,0.38244712352752686,0.4365813136100769,5.280092239379883,0.5731164216995239,0.36571627855300903,0.406610906124115,0.41652047634124756,0.7888591885566711,0.5417002439498901
46,2584,3855.138671875,3710.30224609375,3880.86474609375,3874.282958984375,1.360108494758606,4.445518493652344,0.007261207327246666,0.007486683316528797,0.007295595947653055,0.008970044553279877,0.5067386031150818,0.5318395495414734,0.5101027488708496,0.5408300161361694,0.2672500014305115,0.27051156759262085,0.2676071524620056,0.2951015532016754,,,,,,,,,,,,,,,,,,,,,,,,
47,2599,,,,,,,,,,,,,,,,,,,9.999999747378752e-05,9.999999747378752e-05,3.232564267818816e-06,,,,,,,,,,,,,,,,,,,,,
47,2639,,,,,,,,,,,,,,,,,,,,,,0.4087928831577301,0.13663366436958313,0.5993672609329224,0.0,0.348597913980484,0.19529354572296143,0.6350886821746826,0.378291517496109,0.5332117676734924,0.2749597430229187,0.5978471636772156,0.5930809378623962,0.38692036271095276,0.4299980103969574,5.335965156555176,0.554790735244751,0.35102370381355286,0.36917421221733093,0.3878523111343384,0.7611812353134155,0.5239017009735107
47,2639,3838.076171875,3728.254638671875,3874.901123046875,3862.960205078125,1.1815820932388306,4.35643196105957,0.0067610242404043674,0.007032557390630245,0.0069146957248449326,0.008685318753123283,0.5000942349433899,0.5210039019584656,0.5008166432380676,0.5378788709640503,0.25797995924949646,0.263213187456131,0.26184579730033875,0.2917957007884979,,,,,,,,,,,,,,,,,,,,,,,,
48,2649,,,,,,,,,,,,,,,,,,,9.999999747378752e-05,9.999999747378752e-05,3.232564267818816e-06,,,,,,,,,,,,,,,,,,,,,
48,2694,,,,,,,,,,,,,,,,,,,,,,0.3622269630432129,0.23710544407367706,0.5872409343719482,0.0001965082046808675,0.3372334837913513,0.0973045825958252,0.6088515520095825,0.3800051510334015,0.5644346475601196,0.2825673818588257,0.56954425573349,0.5936185717582703,0.3860153257846832,0.43534448742866516,5.408829689025879,0.5441276431083679,0.345716655254364,0.3645167052745819,0.41155683994293213,0.6880205869674683,0.5012663006782532
48,2694,3827.37841796875,3708.21923828125,3871.824951171875,3864.66259765625,1.021986722946167,4.386282444000244,0.007013323716819286,0.007366000209003687,0.007199840620160103,0.009012727998197079,0.5069056153297424,0.5253933072090149,0.5056047439575195,0.5356906652450562,0.26032623648643494,0.2658732831478119,0.26183825731277466,0.2918262481689453,,,,,,,,,,,,,,,,,,,,,,,,
49,2699,,,,,,,,,,,,,,,,,,,9.999999747378752e-05,9.999999747378752e-05,3.232564267818816e-06,,,,,,,,,,,,,,,,,,,,,
49,2749,,,,,,,,,,,,,,,,,,,9.999999747378752e-05,9.999999747378752e-05,3.232564267818816e-06,,,,,,,,,,,,,,,,,,,,,
49,2749,,,,,,,,,,,,,,,,,,,,,,0.4291034936904907,0.23980110883712769,0.6174073219299316,0.001320132054388523,0.3742467164993286,0.12171760946512222,0.6425891518592834,0.40533047914505005,0.5961253643035889,0.2735457122325897,0.6251659393310547,0.5770074725151062,0.38064566254615784,0.4312429130077362,5.151943683624268,0.5763804316520691,0.3701187074184418,0.38667047023773193,0.43184754252433777,0.7492950558662415,0.5543764233589172
49,2749,3835.798828125,3603.27490234375,3866.888671875,3859.129638671875,1.3111436367034912,4.257149696350098,0.0065987142734229565,0.006815131288021803,0.006702836137264967,0.008171914145350456,0.49562346935272217,0.5145708918571472,0.4935366213321686,0.5242519378662109,0.251409113407135,0.2570216953754425,0.25535905361175537,0.2800721228122711,,,,,,,,,,,,,,,,,,,,,,,,
