processed_frame_idx,original_frame_idx,timestamp_sec,detections_count,detected_classes,avg_confidence,total_share_of_screen
53,265,5.3,1,okx,0.5389086008071899,0.0003024672332685441
54,270,5.4,1,okx,0.4215502142906189,0.00038675530231557786
55,275,5.5,3,"hp, okx",0.4875584344069163,0.0005225129280006513
56,280,5.6,2,"hp, okx",0.6298370361328125,0.00044807008816860616
57,285,5.7,3,"atlasian, okx",0.47222989797592163,0.002286592236487195
58,290,5.8,1,okx,0.5319942235946655,0.0004217549867462367
59,295,5.9,2,"hp, okx",0.42026287317276,0.00040110542613547295
60,300,6.0,4,"hp, okx",0.5590469837188721,0.0012390673800837249
61,305,6.1,3,"hp, okx",0.5784968435764313,0.001065887016011402
62,310,6.2,3,"hp, okx",0.7454846898714701,0.0012745291751343757
63,315,6.3,3,okx,0.5906794865926107,0.00261817395221442
64,320,6.4,3,"hp, okx",0.6628856758276621,0.0012608791148522869
65,325,6.5,4,"hp, okx",0.6134573519229889,0.0021531676466111094
66,330,6.6,3,"hp, okx",0.5721220870812734,0.0015456031542271376
67,335,6.7,1,hp,0.7606444358825684,0.0002604279725346714
68,340,6.8,2,"hp, okx",0.6175979375839233,0.0009300728561356664
69,345,6.9,4,"hp, okx",0.5626212060451508,0.002793380816001445
70,350,7.0,2,"hp, okx",0.4825485050678253,0.0010935340251307935
71,355,7.1,2,"hp, okx",0.6193094849586487,0.0015797872038092464
72,360,7.2,1,okx,0.7432652115821838,0.0004617499653249979
74,370,7.4,2,okx,0.5532150566577911,0.001959545479621738
75,375,7.5,2,okx,0.6988886892795563,0.002618627797346562
76,380,7.6,3,"okx, oracle",0.6732382973035177,0.008211571257561445
77,385,7.7,1,oracle,0.7333662509918213,0.013228613883256912
79,395,7.9,1,okx,0.4377361834049225,0.01982462778687477
80,400,8.0,2,oracle,0.8811818063259125,0.014492875430732965
81,405,8.1,1,oracle,0.6955046653747559,0.0035381740890443325
82,410,8.2,1,oracle,0.7468581795692444,0.002089996822178364
83,415,8.3,1,oracle,0.6556242108345032,0.0017936108633875847
84,420,8.4,2,oracle,0.6282458901405334,0.007612401037476957
85,425,8.5,2,"oracle, petronas",0.6492505371570587,0.002484651340637356
86,430,8.6,1,oracle,0.4290356934070587,0.000638505385722965
90,450,9.0,1,okx,0.7411613464355469,0.000580996333155781
91,455,9.1,1,okx,0.7389127016067505,0.000513995997607708
92,460,9.2,2,"hp, okx",0.5771231800317764,0.000719791540177539
93,465,9.3,2,"hp, okx",0.6177183836698532,0.0005321991629898548
94,470,9.4,1,okx,0.791796863079071,0.00038816130836494267
95,475,9.5,1,okx,0.670580267906189,0.0004504096577875316
96,480,9.6,2,"hp, okx",0.5159225463867188,0.0005138757842360064
97,485,9.7,1,okx,0.637287437915802,0.00033850266481749713
98,490,9.8,2,"hp, okx",0.5464911907911301,0.00045922679419163615
99,495,9.9,1,okx,0.6739220023155212,0.00028924248181283474
100,500,10.0,1,okx,0.48042771220207214,0.0004555892082862556
101,505,10.1,1,okx,0.48846495151519775,0.0005747801624238491
102,510,10.2,1,okx,0.5464465022087097,0.00031329167541116476
103,515,10.3,1,okx,0.6937180161476135,0.0002804557152558118
104,520,10.4,2,"hp, okx",0.6281925141811371,0.0004770820669364184
105,525,10.5,2,"hp, okx",0.4883980453014374,0.00045350449363468215
106,530,10.6,1,hp,0.41403093934059143,0.00010636951628839597
107,535,10.7,1,okx,0.6442347168922424,0.00035085485433228314
108,540,10.8,1,hp,0.47770029306411743,0.0001406567171216011
109,545,10.9,1,okx,0.40055379271507263,0.00028629586449824274
110,550,11.0,1,okx,0.6290207505226135,0.00030386410071514547
111,555,11.1,1,okx,0.5438332557678223,0.0007506459369324148
114,570,11.4,1,hp,0.4296953082084656,0.00017142808064818382
115,575,11.5,1,hp,0.4305546283721924,0.00035151574411429465
116,580,11.6,1,hp,0.5072562098503113,0.0004118967626709491
117,585,11.7,1,hp,0.6065735816955566,0.001017288537696004
118,590,11.8,1,aramco,0.4577566087245941,0.00022360411821864545
119,595,11.9,4,"aramco, okx, oracle",0.5053486377000809,0.0017422600940335542
120,600,12.0,3,"aramco, oracle",0.7244093616803488,0.002187767648138106
121,605,12.1,1,okx,0.5694097876548767,0.0003344327269587666
122,610,12.2,1,okx,0.7758334875106812,0.00038805490476079285
123,615,12.3,1,okx,0.6802886128425598,0.0003556062001734972
124,620,12.4,2,okx,0.6820850670337677,0.0006990044785197824
125,625,12.5,2,okx,0.7071428298950195,0.0006501596653833985
126,630,12.6,3,"hp, okx",0.573296477397283,0.0009048438805621117
127,635,12.7,3,"hp, okx",0.5160135825475057,0.0010473538568476215
128,640,12.8,3,okx,0.6305428544680277,0.0010807303187903017
129,645,12.9,4,"hp, okx",0.5478519275784492,0.0012365482543827966
130,650,13.0,2,"hp, okx",0.4133458435535431,0.0008619863365311176
131,655,13.1,3,"hp, okx",0.6198623379071554,0.0011356068280292675
132,660,13.2,2,okx,0.7082469761371613,0.0010840305767487735
133,665,13.3,3,"hp, okx",0.5865755875905355,0.0013371701643336564
134,670,13.4,2,okx,0.6088551133871078,0.0013192227925173938
135,675,13.5,2,"hp, okx",0.7117619216442108,0.0012384254951030016
136,680,13.6,1,okx,0.8492146134376526,0.0010365304769948125
137,685,13.7,2,okx,0.694165825843811,0.0013575668854173273
138,690,13.8,1,okx,0.8268266916275024,0.0013213226338848472
139,695,13.9,3,"hp, okx",0.6410771210988363,0.0019613074546214193
140,700,14.0,3,"hp, okx",0.7723411520322164,0.002353358897380531
141,705,14.1,3,"hp, okx",0.8344514568646749,0.0029195653332863003
142,710,14.2,3,"hp, okx",0.8056143919626871,0.00352880428545177
143,715,14.3,2,"hp, okx",0.8086819350719452,0.001240893208887428
144,720,14.4,2,"hp, okx",0.7966943085193634,0.0014776483876630664
145,725,14.5,2,"hp, okx",0.6792665719985962,0.0008511016349075362
146,730,14.6,2,"hp, okx",0.6459603756666183,0.0009429563215235248
147,735,14.7,2,"hp, okx",0.7054159939289093,0.0011771449935622513
148,740,14.8,3,"hp, okx",0.5631897151470184,0.0013719568523811176
149,745,14.9,1,okx,0.8044809103012085,0.0013199400855228305
150,750,15.0,2,"hp, okx",0.7011751532554626,0.001783073617843911
151,755,15.1,1,okx,0.8351519107818604,0.00204845005646348
153,765,15.3,1,hp,0.5262141227722168,0.00025810464285314083
154,770,15.4,1,aramco,0.43236976861953735,0.0017235950799658895
155,775,15.5,2,"aramco, hp",0.5582167059183121,0.002454010827932507
156,780,15.6,3,"aramco, hp",0.5583278934160868,0.0036711525463033468
157,785,15.7,3,"aramco, hp",0.5300202866395315,0.000999983458314091
158,790,15.8,3,hp,0.5594068864981333,0.0011817789927590638
159,795,15.9,2,hp,0.7077371180057526,0.0006937280122656375
160,800,16.0,3,hp,0.5695777634779612,0.0013591176248155534
161,805,16.1,5,"aramco, hp, moneygram",0.6238168120384217,0.00852799488347955
162,810,16.2,4,"hp, kick, moneygram",0.6556878760457039,0.001583022705744952
163,815,16.3,2,"hp, kick",0.6951324045658112,0.0013771482917945832
164,820,16.4,3,"hp, kick, moneygram",0.5961963931719462,0.00264186648564646
166,830,16.6,1,kick,0.44189077615737915,0.00012196734314784408
167,835,16.7,1,kick,0.69110107421875,0.00014601481962017715
168,840,16.8,3,"atlasian, kick",0.5400684972604116,0.0034146662801504135
169,845,16.9,3,"atlasian, kick",0.5396884083747864,0.004987236316082999
170,850,17.0,2,"atlasian, kick",0.524205669760704,0.001450328178179916
171,855,17.1,2,"atlasian, kick",0.5285652279853821,0.0019676432420965284
172,860,17.2,2,"atlasian, kick",0.5995962023735046,0.0029925629787612706
173,865,17.3,3,"atlasian, kick",0.47554335991541546,0.0021337121434044093
174,870,17.4,1,kick,0.6255515813827515,0.00032949872547760606
175,875,17.5,2,"atlasian, kick",0.6271055340766907,0.003786620043683797
176,880,17.6,2,"kick, petronas",0.571946531534195,0.003047572070499882
219,1095,21.9,1,oracle,0.5310063362121582,0.00021770740568172187
222,1110,22.2,1,oracle,0.6714270114898682,0.0003129625110886991
245,1225,24.5,1,okx,0.4212574362754822,0.0002024947461904958
246,1230,24.6,1,okx,0.4517095685005188,0.00035732300602830946
247,1235,24.7,1,okx,0.528428852558136,0.0005625932826660573
260,1300,26.0,1,oracle,0.41345399618148804,0.00024078067508526146
266,1330,26.6,1,oracle,0.6696918606758118,0.0007164397393353283
267,1335,26.7,1,oracle,0.829088568687439,0.0015644206432625651
271,1355,27.1,1,aramco,0.4147782325744629,0.0002949357149191201
272,1360,27.2,3,aramco,0.563970943291982,0.0013471131096594036
273,1365,27.3,2,aramco,0.5532291531562805,0.0011911002802662551
274,1370,27.4,1,aramco,0.6874945759773254,0.000553649093490094
275,1375,27.5,1,aramco,0.6737293601036072,0.0007664044969715178
276,1380,27.6,1,aramco,0.6585195660591125,0.0011068138992413878
311,1555,31.1,1,hp,0.6058703064918518,0.000615062890574336
321,1605,32.1,1,oracle,0.7410867214202881,0.0005272867274470627
322,1610,32.2,1,oracle,0.6600281596183777,0.0007112981402315199
323,1615,32.3,1,oracle,0.4008130431175232,0.0008454110939055681
329,1645,32.9,1,aramco,0.41247236728668213,0.00019302502914797515
330,1650,33.0,1,aramco,0.4295434057712555,0.00024163775378838181
331,1655,33.1,1,aramco,0.4141702353954315,0.00026867177803069353
332,1660,33.2,1,aramco,0.438741534948349,0.00037549834814853966
343,1715,34.3,1,hp,0.49246224761009216,0.00044862847425974905
356,1780,35.6,1,okx,0.5006554126739502,0.00018352820188738406
374,1870,37.4,1,oracle,0.5215215682983398,0.00015387716121040285
375,1875,37.5,1,oracle,0.598288357257843,0.0001454896409995854
376,1880,37.6,1,oracle,0.5980116724967957,0.00029213595553301275
377,1885,37.7,1,oracle,0.5921721458435059,0.0002500686387065798
378,1890,37.8,1,oracle,0.824505090713501,0.0002854503982234746
379,1895,37.9,1,oracle,0.46508923172950745,0.0002766860125120729
380,1900,38.0,1,oracle,0.6786720752716064,0.00023778181639499962
381,1905,38.1,1,oracle,0.7196136116981506,0.00023083742416929454
382,1910,38.2,1,oracle,0.7866240739822388,0.000232339181820862
383,1915,38.3,1,oracle,0.7030861973762512,0.00029519485542550683
384,1920,38.4,1,oracle,0.523052990436554,0.000228852077270858
386,1930,38.6,1,oracle,0.5665804147720337,0.0003335627552587539
387,1935,38.7,1,oracle,0.5418795347213745,0.00020803409279324114
428,2140,42.8,1,oracle,0.4897122383117676,0.00022806412016507238
429,2145,42.9,1,oracle,0.4252457618713379,0.00029043632093816996
430,2150,43.0,1,oracle,0.47037407755851746,0.0003499744925647974
431,2155,43.1,1,oracle,0.5356753468513489,0.00042142460006289184
432,2160,43.2,1,oracle,0.7207785844802856,0.00038228833000175655
433,2165,43.3,1,oracle,0.7911921739578247,0.0004235128581058234
434,2170,43.4,1,oracle,0.7972292304039001,0.00045680475886911154
435,2175,43.5,1,oracle,0.7631139755249023,0.00037821976002305746
436,2180,43.6,1,oracle,0.7257044315338135,0.00040692396578378975
437,2185,43.7,1,oracle,0.6071175932884216,0.0004315824480727315
438,2190,43.8,1,oracle,0.5269879698753357,0.00043065528734587133
440,2200,44.0,1,bwt,0.5414782166481018,0.00016194465570151806
441,2205,44.1,3,"bwt, oracle",0.6546705365180969,0.0007606465806020424
443,2215,44.3,1,oracle,0.4629209041595459,0.0004806556098628789
444,2220,44.4,2,"oracle, petronas",0.5299091041088104,0.0006652936281170696
445,2225,44.5,1,bwt,0.6896706819534302,0.00029837744659744203
446,2230,44.6,1,oracle,0.4095902144908905,0.000252483383519575
449,2245,44.9,2,"bwt, oracle",0.5692625939846039,0.0006571966223418713
450,2250,45.0,3,"bwt, oracle",0.6492359042167664,0.0008465968421660364
451,2255,45.1,5,"aramco, bwt, oracle",0.5650254964828492,0.0018707810959313065
452,2260,45.2,4,"aramco, bwt, oracle",0.5599687620997429,0.0015242860827129334
453,2265,45.3,5,"aramco, bwt",0.5486039519309998,0.0015361630939878523
454,2270,45.4,1,bwt,0.6792782545089722,0.0004628401075024158
455,2275,45.5,3,"aramco, bwt",0.5453910529613495,0.0014381235523615032
456,2280,45.6,1,bwt,0.477169930934906,0.0005072209169156849
457,2285,45.7,2,bwt,0.6132106184959412,0.0011731050326488912
458,2290,45.8,3,"aramco, bwt",0.4675225416819255,0.001177708967588842
459,2295,45.9,1,bwt,0.6184955835342407,0.0004975042538717389
460,2300,46.0,5,"aramco, bwt, capp",0.5150076746940613,0.002203302690759301
461,2305,46.1,1,bwt,0.6346839666366577,0.000717627932317555
462,2310,46.2,2,bwt,0.7124959826469421,0.001019999268464744
463,2315,46.3,2,bwt,0.6489163637161255,0.001297929440625012
464,2320,46.4,3,"aramco, bwt",0.6042331258455912,0.001547495136037469
465,2325,46.5,3,"aramco, bwt",0.5425504843393961,0.0015248931304086
466,2330,46.6,3,"aramco, bwt",0.5237140556176504,0.0018515841802582145
467,2335,46.7,2,"aramco, bwt",0.6866447031497955,0.0013336341362446547
468,2340,46.8,1,aramco,0.6509833335876465,0.0006542857154272497
469,2345,46.9,3,"aramco, bwt, moneygram",0.5044191479682922,0.0017748727113939822
470,2350,47.0,3,"aramco, bwt",0.5887436668078104,0.0016223537386395037
471,2355,47.1,1,aramco,0.6334669589996338,0.0006231265724636614
472,2360,47.2,3,"aramco, bwt",0.5155076185862223,0.0013003533676965162
473,2365,47.3,3,"aramco, bwt, moneygram",0.45591936508814496,0.001101076981285587
475,2375,47.5,1,aramco,0.5141177773475647,0.0007134924526326358
476,2380,47.6,1,moneygram,0.4403042495250702,0.0002140688884537667
477,2385,47.7,2,"aramco, moneygram",0.5322795212268829,0.0006222533411346376
478,2390,47.8,1,aramco,0.7133501172065735,0.0004242283175699413
479,2395,47.9,2,"aramco, bwt",0.5128728598356247,0.0006589919212274253
489,2445,48.9,1,oracle,0.4206114411354065,0.00021576920698862523
514,2570,51.4,1,oracle,0.7493599653244019,0.005042956210672855
529,2645,52.9,1,petronas,0.4315855801105499,0.00042401396785862744
538,2690,53.8,1,bwt,0.757044792175293,0.003219235921278596
539,2695,53.9,1,bwt,0.9237417578697205,0.005809714086353779
540,2700,54.0,1,bwt,0.8803586363792419,0.003968375734984875
543,2715,54.3,1,aramco,0.43838930130004883,0.006845337338745594
546,2730,54.6,1,bwt,0.8567990660667419,0.00313558173365891
550,2750,55.0,1,aramco,0.6360109448432922,0.008117702789604664
552,2760,55.2,1,aramco,0.4212539792060852,0.0024763154797255993
555,2775,55.5,1,aramco,0.5553982257843018,0.012212919071316719
559,2795,55.9,1,aramco,0.5454616546630859,0.012185965664684772
560,2800,56.0,1,aramco,0.5009546279907227,0.012389658018946648
564,2820,56.4,1,aramco,0.49424484372138977,0.01691061444580555
569,2845,56.9,1,aramco,0.5619316697120667,0.015956679359078407
571,2855,57.1,1,aramco,0.41735097765922546,0.01080896146595478
572,2860,57.2,1,aramco,0.5952242016792297,0.009637510403990746
581,2905,58.1,1,aramco,0.41555508971214294,0.011105854995548725
582,2910,58.2,1,aramco,0.5627542734146118,0.010579980909824371
584,2920,58.4,1,aramco,0.5385827422142029,0.012557952664792538
586,2930,58.6,1,okx,0.5397452116012573,0.00021683269005734473
587,2935,58.7,1,okx,0.47921234369277954,0.00019087425607722253
588,2940,58.8,1,okx,0.5414694547653198,0.000219331806874834
589,2945,58.9,3,"hp, okx, oracle",0.49773795406023663,0.0012845916862715967
590,2950,59.0,2,"okx, oracle",0.6965003609657288,0.0012643227819353342
592,2960,59.2,1,hp,0.42846035957336426,0.00011233939585508779
593,2965,59.3,1,oracle,0.5927552580833435,0.00097555824322626
594,2970,59.4,2,"hp, okx",0.5346682071685791,0.000502155686262995
596,2980,59.6,3,"hp, okx",0.41475336750348407,0.0005078048779978417
597,2985,59.7,3,"hp, okx",0.41608598828315735,0.0005544290761463344
598,2990,59.8,2,"hp, okx",0.5697431862354279,0.0004208343962091021
599,2995,59.9,2,hp,0.6200951933860779,0.0002414741538814269
600,3000,60.0,1,okx,0.5144184231758118,0.0002767570549622178
601,3005,60.1,1,okx,0.483364999294281,0.0002864596899598837
602,3010,60.2,3,"hp, okx",0.5036929547786713,0.0007076683978084475
603,3015,60.3,1,okx,0.47916069626808167,0.00028990593273192644
604,3020,60.4,2,okx,0.432703897356987,0.0004749231302412227
606,3030,60.6,1,okx,0.40450263023376465,0.000335105782141909
607,3035,60.7,1,okx,0.40830281376838684,0.0003536222502589226
609,3045,60.9,1,okx,0.45188504457473755,0.0001830659166444093
610,3050,61.0,2,"hp, okx",0.445304736495018,0.0005327597900759429
611,3055,61.1,2,okx,0.535976454615593,0.0006414513773052022
612,3060,61.2,1,okx,0.577897846698761,0.0003804256848525256
613,3065,61.3,1,okx,0.7218014001846313,0.0004572610487230122
614,3070,61.4,1,okx,0.6463364362716675,0.00039992830716073513
615,3075,61.5,1,okx,0.6504716277122498,0.0004505117249209434
616,3080,61.6,2,okx,0.6123116612434387,0.0008694491407368332
617,3085,61.7,2,okx,0.4898812174797058,0.0007277480326592922
618,3090,61.8,2,"hp, okx",0.53105428814888,0.0007022316713118926
619,3095,61.9,3,"hp, okx",0.5461691617965698,0.0009061412638402544
620,3100,62.0,3,"hp, okx",0.5580853919188181,0.0007189779862528667
621,3105,62.1,2,"hp, okx",0.6306963860988617,0.0007546608248958364
622,3110,62.2,2,"hp, okx",0.6365435421466827,0.0008747138053877279
623,3115,62.3,1,okx,0.6940682530403137,0.0006537471781484783
624,3120,62.4,2,"hp, okx",0.6461374461650848,0.0007533218522439711
625,3125,62.5,3,"hp, okx",0.6200343469778696,0.0013246615853859112
626,3130,62.6,3,"hp, okx",0.5909925897916158,0.0013854470162186772
627,3135,62.7,2,"hp, okx",0.6028415262699127,0.0011126573517685756
628,3140,62.8,2,"hp, okx",0.6390331983566284,0.0012201015051687136
629,3145,62.9,2,"hp, okx",0.5500806570053101,0.0013719073322135955
630,3150,63.0,4,"hp, okx",0.5713408887386322,0.00248933608236257
631,3155,63.1,4,hp,0.565117284655571,0.0007361622410826385
632,3160,63.2,3,hp,0.7118122776349386,0.0006289041630225256
633,3165,63.3,3,hp,0.6969429055849711,0.0007533457392128184
634,3170,63.4,4,hp,0.6512131839990616,0.0013540883956011385
635,3175,63.5,3,hp,0.8135950366655985,0.0011530981282703578
636,3180,63.6,2,hp,0.6916460692882538,0.0006240636575967073
637,3185,63.7,1,hp,0.8085509538650513,0.0006147821550257504
647,3235,64.7,1,okx,0.49289941787719727,0.0002558516280259937
651,3255,65.1,1,okx,0.6404600143432617,0.0005692933918908238
653,3265,65.3,1,okx,0.6107622981071472,0.003819648176431656
661,3305,66.1,1,petronas,0.6849968433380127,0.006640377454459667
662,3310,66.2,2,aramco,0.4890708774328232,0.0008354930905625224
663,3315,66.3,1,aramco,0.7391718626022339,0.0006452989764511585
664,3320,66.4,2,aramco,0.714291900396347,0.0012068796786479652
665,3325,66.5,3,aramco,0.5820311506589254,0.0022209909511730075
666,3330,66.6,1,aramco,0.48222097754478455,0.0008244014461524785
667,3335,66.7,1,aramco,0.6021726131439209,0.001149640535004437
668,3340,66.8,2,aramco,0.6082734167575836,0.0024117238353937864
669,3345,66.9,3,aramco,0.7138269543647766,0.0047926726983860135
670,3350,67.0,4,"aramco, hp",0.705582782626152,0.005962820025160909
671,3355,67.1,5,"aramco, hp",0.6571090757846832,0.007980745358509012
672,3360,67.2,3,aramco,0.6497427523136139,0.010310857556760311
673,3365,67.3,3,"aramco, petronas",0.5376616815725962,0.014670378994196653
674,3370,67.4,2,"aramco, hp",0.5687409043312073,0.005639149392663967
675,3375,67.5,3,"aramco, hp",0.6625688076019287,0.0099730059155263
676,3380,67.6,5,"hp, petronas",0.6181399822235107,0.014481948062893935
677,3385,67.7,5,"atlasian, hp",0.6647313416004181,0.0015168197132879868
680,3400,68.0,1,okx,0.4293985366821289,0.00011940380500163883
682,3410,68.2,1,okx,0.4420638978481293,0.0001220783160533756
683,3415,68.3,1,okx,0.7147201895713806,0.000320385122904554
685,3425,68.5,1,okx,0.40036967396736145,0.0001960444642463699
687,3435,68.7,1,okx,0.7768662571907043,0.0004793853731825948
688,3440,68.8,1,okx,0.6159430146217346,0.0007002977654337883
689,3445,68.9,1,okx,0.7276308536529541,0.0006880395230837166
701,3505,70.1,1,moneygram,0.47483736276626587,0.00401065731421113
714,3570,71.4,1,petronas,0.4621710479259491,0.0010025680530816317
717,3585,71.7,1,petronas,0.4016529619693756,0.0016730817733332515
719,3595,71.9,1,petronas,0.44505321979522705,0.0024481797590851784
725,3625,72.5,1,oracle,0.44325149059295654,0.0015031466027721763
727,3635,72.7,2,oracle,0.5892827212810516,0.003029334999155253
729,3645,72.9,1,oracle,0.5990990400314331,0.0006486763595603406
730,3650,73.0,1,oracle,0.5043991804122925,0.0007194728241302073
732,3660,73.2,1,oracle,0.7154375910758972,0.0007149995653890073
734,3670,73.4,1,oracle,0.46384480595588684,0.000636799493804574
738,3690,73.8,1,moneygram,0.6197760701179504,0.005770155694335699
742,3710,74.2,1,oracle,0.46673688292503357,0.0006350846961140633
745,3725,74.5,1,oracle,0.7287556529045105,0.0007095349137671292
763,3815,76.3,1,oracle,0.5343170762062073,0.0004465122474357486
764,3820,76.4,1,oracle,0.5553287863731384,0.0005863098776899278
808,4040,80.8,1,bwt,0.7062804698944092,0.0055098929442465305
819,4095,81.9,1,capp,0.5574778914451599,0.025644004344940186
858,4290,85.8,1,atlasian,0.5488749146461487,0.0013564318651333451
859,4295,85.9,2,"atlasian, kick",0.481457382440567,0.001806770458642859
868,4340,86.8,1,aramco,0.44345778226852417,0.0012693407479673624
881,4405,88.1,1,atlasian,0.7141933441162109,0.0005339981289580464
882,4410,88.2,1,atlasian,0.8565544486045837,0.0006056710262782872
883,4415,88.3,1,atlasian,0.7452459931373596,0.0010406379587948322
884,4420,88.4,1,atlasian,0.765296459197998,0.0006832415238022804
885,4425,88.5,1,atlasian,0.6371092796325684,0.001399138942360878
886,4430,88.6,1,atlasian,0.7937868237495422,0.002599474275484681
893,4465,89.3,1,atlasian,0.4924717843532562,0.00035665795439854264
894,4470,89.4,1,atlasian,0.4014317989349365,0.00040074330172501504
895,4475,89.5,1,atlasian,0.4770709276199341,0.0005122588481754065
898,4490,89.8,1,atlasian,0.4002309739589691,0.0008754290174692869
899,4495,89.9,1,atlasian,0.6173515915870667,0.0007820347091183066
903,4515,90.3,1,kick,0.6683507561683655,0.0004772077954839915
919,4595,91.9,1,atlasian,0.4740065038204193,0.00528964726254344
920,4600,92.0,1,atlasian,0.6360061168670654,0.0026902337558567524
921,4605,92.1,1,atlasian,0.6423917412757874,0.002390525536611676
922,4610,92.2,1,atlasian,0.44915926456451416,0.0022215882781893015
923,4615,92.3,1,atlasian,0.47106876969337463,0.0017208368517458439
924,4620,92.4,1,atlasian,0.48668697476387024,0.001589943072758615
931,4655,93.1,1,atlasian,0.4659372866153717,0.0010733178351074457
933,4665,93.3,1,petronas,0.7910118699073792,0.003404050599783659
942,4710,94.2,1,atlasian,0.7903510332107544,0.0010994249023497105
943,4715,94.3,1,atlasian,0.6278777122497559,0.0012674947502091527
944,4720,94.4,1,atlasian,0.5840992331504822,0.001343425246886909
945,4725,94.5,1,petronas,0.4437595009803772,0.0017962225247174501
946,4730,94.6,1,atlasian,0.4352060854434967,0.0009980833856388927
947,4735,94.7,1,petronas,0.4390416443347931,0.0002603991306386888
949,4745,94.9,1,petronas,0.4423711597919464,0.004434087313711643
950,4750,95.0,1,kick,0.5128028988838196,0.00018695702601689845
957,4785,95.7,1,bwt,0.4794915020465851,0.00015142501797527075
960,4800,96.0,1,bwt,0.41207632422447205,0.00040906411595642567
961,4805,96.1,1,bwt,0.4129025340080261,0.00031830265652388334
969,4845,96.9,2,bwt,0.47472767531871796,0.0011444693082012236
973,4865,97.3,1,bwt,0.8211227655410767,0.0022790227085351944
974,4870,97.4,1,bwt,0.90511155128479,0.0032803830690681934
975,4875,97.5,1,bwt,0.9249378442764282,0.003771305549889803
976,4880,97.6,1,bwt,0.9143223166465759,0.003613024950027466
977,4885,97.7,1,bwt,0.9371941089630127,0.00298268161714077
978,4890,97.8,1,bwt,0.9125974178314209,0.002265299903228879
979,4895,97.9,1,bwt,0.8506230711936951,0.0012846221216022968
980,4900,98.0,1,bwt,0.8629744648933411,0.0008567874319851398
981,4905,98.1,1,bwt,0.8028022050857544,0.0005950828781351447
982,4910,98.2,1,bwt,0.6726194620132446,0.0002861061366274953
983,4915,98.3,1,bwt,0.5595217943191528,0.00020336543093435466
985,4925,98.5,1,aramco,0.44614094495773315,0.0005284200306050479
994,4970,99.4,1,bwt,0.4957629144191742,0.0014575135428458452
1002,5010,100.2,1,petronas,0.4225793480873108,0.0007728776545263827
1004,5020,100.4,1,petronas,0.5214352011680603,0.0010391452815383673
1011,5055,101.1,1,petronas,0.6367700695991516,0.0007905184756964445
1012,5060,101.2,1,bwt,0.47158756852149963,0.0013611004687845707
1016,5080,101.6,1,bwt,0.6133288741111755,0.0026109968312084675
1019,5095,101.9,1,bwt,0.6320096254348755,0.010425431653857231
1020,5100,102.0,1,bwt,0.43779227137565613,0.027612265199422836
1024,5120,102.4,1,bwt,0.4713064432144165,0.05551235005259514
1025,5125,102.5,1,bwt,0.8861724734306335,0.023398639634251595
1026,5130,102.6,1,bwt,0.9098852872848511,0.009997366927564144
1027,5135,102.7,1,bwt,0.7896240949630737,0.0039001349359750748
1029,5145,102.9,1,bwt,0.4014494717121124,0.0003871604276355356
1030,5150,103.0,1,bwt,0.47321832180023193,0.00034522649366408587
1031,5155,103.1,1,bwt,0.5955952405929565,0.0002709741238504648
1032,5160,103.2,1,bwt,0.5587711930274963,0.0002406413696007803
1033,5165,103.3,1,bwt,0.6104226112365723,0.0002283922367496416
1035,5175,103.5,1,bwt,0.5830656290054321,0.00027012114878743887
1036,5180,103.6,1,bwt,0.532470703125,0.000258224259596318
1038,5190,103.8,1,bwt,0.4219183623790741,0.00027724308893084526
1039,5195,103.9,2,"bwt, moneygram",0.5931423902511597,0.00045835788478143513
1040,5200,104.0,1,bwt,0.521485447883606,0.000315971759846434
1043,5215,104.3,1,moneygram,0.5733985304832458,0.00012354653154034168
1054,5270,105.4,1,bwt,0.6227418780326843,0.003911363892257214
1055,5275,105.5,1,bwt,0.8740238547325134,0.0062278863042593
1056,5280,105.6,1,bwt,0.8897945880889893,0.01110899355262518
1057,5285,105.7,1,bwt,0.8944224119186401,0.014674441888928413
1058,5290,105.8,1,bwt,0.9196633696556091,0.012137934565544128
1059,5295,105.9,1,bwt,0.8975365161895752,0.00848079938441515
1060,5300,106.0,1,bwt,0.915515661239624,0.0046966890804469585
1061,5305,106.1,1,bwt,0.8268713355064392,0.002932097529992461
1062,5310,106.2,1,bwt,0.5300331711769104,0.000905257067643106
1063,5315,106.3,1,capp,0.6043822169303894,0.0007374424603767693
1101,5505,110.1,1,bwt,0.49416470527648926,0.000493172206915915
1103,5515,110.3,1,bwt,0.48831722140312195,0.0005603426252491772
1104,5520,110.4,1,bwt,0.4951931834220886,0.0005588607746176422
1105,5525,110.5,1,bwt,0.4560328722000122,0.000604924454819411
1108,5540,110.8,1,bwt,0.4212892949581146,0.0007224298897199333
1110,5550,111.0,1,bwt,0.417192667722702,0.0007755779079161584
1111,5555,111.1,1,bwt,0.4401853680610657,0.0007456074235960841
1113,5565,111.3,2,bwt,0.4882987290620804,0.0015971611719578505
1114,5570,111.4,1,bwt,0.4827965795993805,0.0008433213806711137
1115,5575,111.5,1,bwt,0.5145255923271179,0.0008106372551992536
1116,5580,111.6,1,bwt,0.47366103529930115,0.0011287406086921692
1117,5585,111.7,1,bwt,0.6324238777160645,0.0011045737192034721
1119,5595,111.9,1,bwt,0.46662482619285583,0.0012686913833022118
1120,5600,112.0,1,bwt,0.5332903861999512,0.001219188212417066
1125,5625,112.5,1,bwt,0.6185581684112549,0.00133472157176584
1126,5630,112.6,1,bwt,0.43016931414604187,0.0011358807096257806
1132,5660,113.2,1,bwt,0.7921789884567261,0.02177387848496437
1133,5665,113.3,1,bwt,0.40605947375297546,0.0336584746837616
1148,5740,114.8,1,oracle,0.693194568157196,0.0009626856772229075
1149,5745,114.9,1,oracle,0.6740068793296814,0.0010842346819117665
1150,5750,115.0,1,oracle,0.5178732872009277,0.0012655312893912196
1155,5775,115.5,2,bwt,0.580810934305191,0.0035592237254604697
1156,5780,115.6,3,"bwt, oracle",0.6187702417373657,0.0044222373981028795
1157,5785,115.7,3,"bwt, oracle",0.5683561166127523,0.004344389075413346
1158,5790,115.8,3,"bwt, oracle",0.7471203605333964,0.004204208729788661
1159,5795,115.9,3,"bwt, oracle",0.6561414003372192,0.004667645553126931
1160,5800,116.0,2,bwt,0.7137264907360077,0.003468379843980074
1161,5805,116.1,2,"bwt, oracle",0.6147761046886444,0.0019934934098273516
1162,5810,116.2,2,"bwt, oracle",0.5817762315273285,0.001957982196472585
1163,5815,116.3,1,oracle,0.6622045040130615,0.0009025448234751821
1164,5820,116.4,1,oracle,0.7227497100830078,0.0009159814799204469
1165,5825,116.5,1,oracle,0.6406011581420898,0.000924163730815053
1166,5830,116.6,1,oracle,0.6368089318275452,0.0008920776308514178
1167,5835,116.7,1,oracle,0.7041077017784119,0.0008888061856850982
1168,5840,116.8,1,oracle,0.7118189930915833,0.0010942056542262435
1169,5845,116.9,1,oracle,0.7240291833877563,0.0010351206874474883
1170,5850,117.0,1,oracle,0.7097106575965881,0.0010008722310885787
1171,5855,117.1,1,oracle,0.7470681667327881,0.001002953969873488
1172,5860,117.2,1,oracle,0.6881639957427979,0.000862950284499675
1173,5865,117.3,1,oracle,0.6980034708976746,0.0009666472324170172
1174,5870,117.4,1,oracle,0.6194555163383484,0.0008996137767098844
1175,5875,117.5,1,oracle,0.5444402694702148,0.0007521520601585507
1176,5880,117.6,1,oracle,0.5925936102867126,0.0008148329216055572
1177,5885,117.7,1,oracle,0.7058868408203125,0.0007786963833495975
1178,5890,117.8,1,oracle,0.5744134187698364,0.0008950238116085529
1179,5895,117.9,1,oracle,0.6617766618728638,0.0008405266562476754
1180,5900,118.0,1,oracle,0.6286284923553467,0.0008086417801678181
1181,5905,118.1,1,oracle,0.646355390548706,0.0009382723947055638
1182,5910,118.2,1,capp,0.5929087996482849,0.0007473001023754478
1190,5950,119.0,2,bwt,0.7274288237094879,0.0032735291169956326
1191,5955,119.1,2,bwt,0.8002123534679413,0.004740376258268952
1192,5960,119.2,2,bwt,0.8694839775562286,0.004598854575306177
1193,5965,119.3,2,bwt,0.8557247519493103,0.004747324390336871
1194,5970,119.4,2,bwt,0.8684577643871307,0.004508837359026074
1195,5975,119.5,2,bwt,0.8420521318912506,0.004698118660598993
1196,5980,119.6,2,bwt,0.8185472190380096,0.004621132276952267
1197,5985,119.7,2,bwt,0.8320918083190918,0.004603927955031395
1198,5990,119.8,3,"bwt, oracle",0.6886108418305715,0.006209308747202158
1199,5995,119.9,2,bwt,0.8242847919464111,0.004545379197224975
1200,6000,120.0,3,"bwt, oracle",0.7043178081512451,0.007041766308248043
1201,6005,120.1,2,bwt,0.798782080411911,0.004865124123170972
1202,6010,120.2,2,bwt,0.8268349468708038,0.004736383445560932
1203,6015,120.3,2,bwt,0.7518689334392548,0.004713635426014662
1204,6020,120.4,3,"bwt, oracle",0.676241805156072,0.011753225466236472
1205,6025,120.5,3,"bwt, oracle",0.6946972012519836,0.014327493729069829
1206,6030,120.6,3,"bwt, oracle",0.640561580657959,0.019411521265283227
1207,6035,120.7,2,bwt,0.7634194791316986,0.004827253287658095
1208,6040,120.8,3,bwt,0.6577915946642557,0.005714636237826198
1209,6045,120.9,2,bwt,0.6816984266042709,0.004889628849923611
1210,6050,121.0,1,bwt,0.8756554126739502,0.0023478572256863117
1211,6055,121.1,1,bwt,0.8852965235710144,0.002264954848214984
1212,6060,121.2,2,bwt,0.7582807540893555,0.004955569049343467
1213,6065,121.3,2,bwt,0.7544240653514862,0.004827874945476651
1214,6070,121.4,2,bwt,0.7331807613372803,0.004871934186667204
1215,6075,121.5,2,bwt,0.6954908967018127,0.0050260869320482016
1216,6080,121.6,1,bwt,0.8774357438087463,0.002345099812373519
1217,6085,121.7,1,bwt,0.8972336649894714,0.002247276483103633
1218,6090,121.8,2,bwt,0.7818951308727264,0.004803095245733857
1220,6100,122.0,2,bwt,0.7393435537815094,0.004759478848427534
1221,6105,122.1,2,bwt,0.7372791767120361,0.004825053503736854
1222,6110,122.2,2,bwt,0.7268058061599731,0.004746139980852604
1223,6115,122.3,2,bwt,0.7690132558345795,0.004749634303152561
1224,6120,122.4,2,bwt,0.8210768699645996,0.0047211856581270695
1225,6125,122.5,2,bwt,0.821755588054657,0.004738318966701627
1226,6130,122.6,2,bwt,0.8239938020706177,0.0046846261247992516
1227,6135,122.7,2,bwt,0.8009637892246246,0.004705199506133795
1228,6140,122.8,2,bwt,0.8064579963684082,0.004768224898725748
1229,6145,122.9,2,bwt,0.7695704102516174,0.0047538538929075
1230,6150,123.0,2,bwt,0.8070193231105804,0.0048830274026840925
1231,6155,123.1,2,bwt,0.8521922826766968,0.004730208311229944
1232,6160,123.2,2,bwt,0.854047030210495,0.0048280206974595785
1233,6165,123.3,2,bwt,0.8378594517707825,0.0047568820882588625
1234,6170,123.4,2,bwt,0.86479452252388,0.004814070416614413
1235,6175,123.5,2,bwt,0.8497410118579865,0.004708213498815894
1236,6180,123.6,2,bwt,0.8444636166095734,0.0047118086367845535
1237,6185,123.7,2,bwt,0.8791668117046356,0.0047688044141978025
1238,6190,123.8,2,bwt,0.872069776058197,0.00473026605322957
1239,6195,123.9,2,bwt,0.8615309000015259,0.004664939362555742
1240,6200,124.0,2,bwt,0.8127057552337646,0.0047721886076033115
1241,6205,124.1,2,bwt,0.7603384554386139,0.004785802913829684
1242,6210,124.2,3,bwt,0.6558741132418314,0.0054334712331183255
1243,6215,124.3,2,bwt,0.7616978287696838,0.004774995381012559
1244,6220,124.4,2,bwt,0.7398499250411987,0.004844613140448928
1245,6225,124.5,2,bwt,0.7303025424480438,0.004717603791505098
1246,6230,124.6,2,bwt,0.6632166057825089,0.004872043849900365
1247,6235,124.7,2,bwt,0.7009357810020447,0.00484749092720449
1248,6240,124.8,2,bwt,0.724975198507309,0.004867358598858118
1249,6245,124.9,2,bwt,0.7565883994102478,0.0047348784282803535
1250,6250,125.0,2,bwt,0.7004396021366119,0.004795984132215381
1251,6255,125.1,2,bwt,0.7882660329341888,0.004757739137858152
1252,6260,125.2,2,bwt,0.7312412261962891,0.0046706129796803
1253,6265,125.3,2,bwt,0.7595770955085754,0.00473351776599884
1254,6270,125.4,2,bwt,0.8028058111667633,0.004672833951190114
1255,6275,125.5,2,bwt,0.7912329435348511,0.0046560310292989016
1256,6280,125.6,2,bwt,0.782858669757843,0.004690190078690648
1257,6285,125.7,2,bwt,0.795764297246933,0.0045935355592519045
1258,6290,125.8,2,bwt,0.7658543586730957,0.004664859035983682
1259,6295,125.9,2,bwt,0.7935337126255035,0.00466248276643455
1260,6300,126.0,2,bwt,0.8109162747859955,0.004557916196063161
1261,6305,126.1,2,bwt,0.8095541894435883,0.004633449483662844
1262,6310,126.2,2,bwt,0.8032567203044891,0.0046448116190731525
1263,6315,126.3,2,bwt,0.801467090845108,0.004617614904418588
1264,6320,126.4,2,bwt,0.8035271167755127,0.004725550068542361
1265,6325,126.5,2,bwt,0.8157168328762054,0.00466200103983283
1266,6330,126.6,2,bwt,0.8195224702358246,0.004643332678824663
1267,6335,126.7,2,bwt,0.8109188973903656,0.004662583582103252
1268,6340,126.8,2,bwt,0.8185886144638062,0.0046862231101840734
1269,6345,126.9,2,bwt,0.8227865099906921,0.0046518107410520315
1270,6350,127.0,1,bwt,0.6696832776069641,0.0023126269225031137
1277,6385,127.7,1,oracle,0.4519592523574829,0.0001802379119908437
1324,6620,132.4,1,aramco,0.42175158858299255,0.0006821613060310483
1350,6750,135.0,1,oracle,0.495888352394104,0.00038065327680669725
1394,6970,139.4,1,oracle,0.44807058572769165,0.000809438934084028
1395,6975,139.5,1,oracle,0.6707378029823303,0.0005868651205673814
1396,6980,139.6,1,oracle,0.5387125611305237,0.000538267835509032
1398,6990,139.8,1,okx,0.4721871614456177,0.0001957683271029964
1399,6995,139.9,3,"bwt, okx, oracle",0.46846701701482135,0.0013710101193282753
1402,7010,140.2,1,okx,0.6658461093902588,0.00026768719544634223
1404,7020,140.4,1,okx,0.4540872573852539,0.00027461632271297276
1406,7030,140.6,2,"okx, oracle",0.5908099710941315,0.0009779758111108094
1407,7035,140.7,1,okx,0.5962426066398621,0.00033373082987964153
1412,7060,141.2,1,oracle,0.41857391595840454,0.0005898043746128678
1418,7090,141.8,3,okx,0.6154313087463379,0.007097023248206824
1419,7095,141.9,1,okx,0.4262847304344177,0.006362278014421463
1420,7100,142.0,2,"okx, oracle",0.7401006817817688,0.008913233876228333
1421,7105,142.1,1,oracle,0.8114193081855774,0.010757915675640106
1437,7185,143.7,1,okx,0.40314018726348877,0.00026731795514933765
1438,7190,143.8,1,aramco,0.48105984926223755,0.00034382884041406214
1445,7225,144.5,1,okx,0.41117459535598755,0.0002246082731289789
1446,7230,144.6,1,okx,0.5490168333053589,0.00040417187847197056
1447,7235,144.7,1,okx,0.4615163505077362,0.00035846143146045506
1448,7240,144.8,1,okx,0.47686702013015747,0.0005533929797820747
1449,7245,144.9,1,okx,0.5923041105270386,0.00041354860877618194
1453,7265,145.3,1,okx,0.538258969783783,0.00032402429496869445
1456,7280,145.6,1,okx,0.578643262386322,0.00037460506428033113
1457,7285,145.7,1,okx,0.7190600633621216,0.0005105152959004045
1458,7290,145.8,1,okx,0.6264243721961975,0.0006134257419034839
1459,7295,145.9,1,okx,0.5256116390228271,0.0006131857517175376
1460,7300,146.0,1,okx,0.6840468049049377,0.0006401355494745076
1461,7305,146.1,1,okx,0.58683180809021,0.0009595855954103172
1462,7310,146.2,1,okx,0.5256470441818237,0.0034353998489677906
1467,7335,146.7,1,oracle,0.8059154748916626,0.0044010397978127
1468,7340,146.8,1,oracle,0.8322661519050598,0.007117105182260275
1469,7345,146.9,1,oracle,0.7864604592323303,0.010736826807260513
1470,7350,147.0,1,oracle,0.8154004812240601,0.013465715572237968
1471,7355,147.1,1,oracle,0.8977375030517578,0.010478719137609005
1472,7360,147.2,1,oracle,0.6324544548988342,0.0044493284076452255
1473,7365,147.3,1,oracle,0.7540375590324402,0.001864777528680861
1474,7370,147.4,1,oracle,0.7237499356269836,0.0009128468809649348
1478,7390,147.8,1,oracle,0.516177237033844,0.0005090165650472045
1495,7475,149.5,1,oracle,0.4458765983581543,0.0003081211762037128
1496,7480,149.6,1,oracle,0.7855793237686157,0.0012564255157485604
1498,7490,149.8,1,oracle,0.8373011350631714,0.0019241167465224862
1512,7560,151.2,1,okx,0.6105350852012634,0.00031072917045094073
1513,7565,151.3,1,okx,0.5265167951583862,0.00031413722899742424
1514,7570,151.4,1,okx,0.6259201169013977,0.0003893345419783145
1515,7575,151.5,2,okx,0.6753937900066376,0.000733807886717841
1516,7580,151.6,1,okx,0.4268662929534912,0.0002998460840899497
1517,7585,151.7,1,okx,0.6497231721878052,0.0005235946155153215
1518,7590,151.8,1,okx,0.49261385202407837,0.0007982763345353305
1519,7595,151.9,1,okx,0.7768408060073853,0.001205597072839737
1520,7600,152.0,1,okx,0.7509599328041077,0.0011988560436293483
1521,7605,152.1,2,okx,0.5608009546995163,0.003560740384273231
1522,7610,152.2,1,okx,0.5265553593635559,0.0013284820597618818
1528,7640,152.8,1,oracle,0.5760192275047302,0.0015391955384984612
1529,7645,152.9,1,oracle,0.8068023324012756,0.0028200573287904263
1530,7650,153.0,1,oracle,0.8709585070610046,0.004692915827035904
1531,7655,153.1,1,oracle,0.7778860330581665,0.007961440831422806
1532,7660,153.2,1,oracle,0.8713537454605103,0.011448628269135952
1533,7665,153.3,1,oracle,0.8961400985717773,0.009908264502882957
1534,7670,153.4,1,oracle,0.8386537432670593,0.005751591641455889
1535,7675,153.5,2,oracle,0.7109486162662506,0.005627271952107549
1536,7680,153.6,1,oracle,0.42147716879844666,0.0007952796295285225
1564,7820,156.4,1,oracle,0.5005245208740234,0.0107090650126338
1566,7830,156.6,1,oracle,0.65892094373703,0.010627718642354012
1567,7835,156.7,1,oracle,0.4855003356933594,0.010375113226473331
1569,7845,156.9,1,moneygram,0.7328238487243652,0.010249914601445198
1573,7865,157.3,1,moneygram,0.6325390934944153,0.01112060435116291
1574,7870,157.4,1,moneygram,0.5835575461387634,0.010472494177520275
1575,7875,157.5,1,oracle,0.4465211033821106,0.010194383561611176
1577,7885,157.7,1,oracle,0.520915687084198,0.010274320840835571
1578,7890,157.8,1,oracle,0.49944332242012024,0.010180335491895676
1579,7895,157.9,1,oracle,0.4530024230480194,0.010132732801139355
1581,7905,158.1,1,moneygram,0.572723925113678,0.010276866145431995
1582,7910,158.2,1,moneygram,0.7579347491264343,0.010751661844551563
1587,7935,158.7,1,moneygram,0.47345560789108276,0.010123614221811295
1589,7945,158.9,1,oracle,0.4911114573478699,0.010212213732302189
1590,7950,159.0,1,oracle,0.4722675085067749,0.01025737076997757
1591,7955,159.1,1,oracle,0.4931122660636902,0.010310916230082512
1592,7960,159.2,1,oracle,0.5618952512741089,0.010261235758662224
1593,7965,159.3,2,oracle,0.4309643507003784,0.011549254704732448
1594,7970,159.4,1,oracle,0.5388017296791077,0.01086052693426609
1595,7975,159.5,1,oracle,0.6979043483734131,0.010798280127346516
1596,7980,159.6,1,oracle,0.7177013754844666,0.01070115715265274
1597,7985,159.7,1,oracle,0.5421285629272461,0.011025951243937016
1598,7990,159.8,1,oracle,0.5208041071891785,0.011020799167454243
1600,8000,160.0,1,oracle,0.5005741119384766,0.01095707155764103
1602,8010,160.2,1,oracle,0.6151203513145447,0.01109190285205841
1603,8015,160.3,1,oracle,0.5111280083656311,0.010839756578207016
1604,8020,160.4,1,oracle,0.7285706400871277,0.010737231001257896
1605,8025,160.5,1,oracle,0.7710303068161011,0.010720250196754932
1606,8030,160.6,1,oracle,0.7704944610595703,0.010589665733277798
1607,8035,160.7,1,oracle,0.7727775573730469,0.010589455254375935
1608,8040,160.8,1,oracle,0.7949734926223755,0.010429744608700275
1609,8045,160.9,1,oracle,0.7410356402397156,0.010213167406618595
1610,8050,161.0,1,oracle,0.708486020565033,0.010432418435811996
1611,8055,161.1,1,oracle,0.6871340274810791,0.010329298675060272
1612,8060,161.2,1,oracle,0.7730327248573303,0.010419446043670177
1613,8065,161.3,1,oracle,0.7040746808052063,0.010583584196865559
1614,8070,161.4,1,oracle,0.7383604049682617,0.010503764264285564
1615,8075,161.5,1,oracle,0.741575300693512,0.0105954110622406
1616,8080,161.6,1,oracle,0.7696351408958435,0.0104207219555974
1617,8085,161.7,1,oracle,0.7787257432937622,0.010302769020199776
1618,8090,161.8,1,oracle,0.7942386269569397,0.010553536005318165
1619,8095,161.9,1,oracle,0.7864581942558289,0.010444797575473785
1620,8100,162.0,1,oracle,0.6796796917915344,0.010446983389556408
1621,8105,162.1,1,oracle,0.7312134504318237,0.010479954071342945
1622,8110,162.2,1,oracle,0.7289254665374756,0.010483798570930958
1623,8115,162.3,1,oracle,0.7468003034591675,0.010388554073870182
1624,8120,162.4,1,oracle,0.7511996626853943,0.01063739787787199
1625,8125,162.5,1,oracle,0.8137818574905396,0.010600991547107697
1626,8130,162.6,1,oracle,0.7237074375152588,0.01058198045939207
1627,8135,162.7,1,oracle,0.7382870316505432,0.010573824867606163
1628,8140,162.8,1,oracle,0.7696042060852051,0.010491845197975636
1629,8145,162.9,1,oracle,0.738793134689331,0.010487758554518223
1630,8150,163.0,1,oracle,0.7009853720664978,0.01063451450318098
1631,8155,163.1,1,oracle,0.8087684512138367,0.010561440140008926
1632,8160,163.2,1,oracle,0.7669532299041748,0.010694540105760098
1633,8165,163.3,1,oracle,0.8091422915458679,0.010693090967833996
1634,8170,163.4,1,oracle,0.7822228670120239,0.010494748130440712
1635,8175,163.5,1,oracle,0.7462688088417053,0.010540828108787537
1636,8180,163.6,1,oracle,0.7598364353179932,0.010847384110093117
1637,8185,163.7,1,oracle,0.7782908082008362,0.010548851452767849
1638,8190,163.8,1,oracle,0.7692212462425232,0.010664308443665504
1639,8195,163.9,1,oracle,0.7512933611869812,0.010484241880476475
1640,8200,164.0,2,"capp, oracle",0.6145976930856705,0.04272346664220095
1641,8205,164.1,2,"capp, oracle",0.6143394261598587,0.04429684393107891
1642,8210,164.2,1,oracle,0.6420961618423462,0.010664640925824642
1643,8215,164.3,1,oracle,0.5752245187759399,0.010662740096449852
1644,8220,164.4,1,oracle,0.5510297417640686,0.010475106537342072
1645,8225,164.5,2,"capp, oracle",0.571730837225914,0.0443227905780077
1646,8230,164.6,1,oracle,0.40970849990844727,0.01051192544400692
1648,8240,164.8,1,capp,0.5512135624885559,0.035812295973300934
1649,8245,164.9,1,moneygram,0.5173763632774353,0.010812626220285892
1651,8255,165.1,1,capp,0.5768830180168152,0.0335795059800148
1652,8260,165.2,1,capp,0.6579268574714661,0.03253026306629181
1653,8265,165.3,1,capp,0.5635252594947815,0.03165385127067566
1654,8270,165.4,1,capp,0.5732636451721191,0.031073376536369324
1655,8275,165.5,1,capp,0.6805283427238464,0.03292936086654663
1656,8280,165.6,1,capp,0.6112647652626038,0.030908195301890373
1657,8285,165.7,1,capp,0.48270556330680847,0.03456534817814827
1661,8305,166.1,1,moneygram,0.6843474507331848,0.011374571360647678
1662,8310,166.2,1,moneygram,0.4821700155735016,0.010940414853394032
1664,8320,166.4,1,moneygram,0.4668584167957306,0.010713338851928711
1673,8365,167.3,1,oracle,0.5316634178161621,0.010619502514600754
1674,8370,167.4,1,oracle,0.4864896833896637,0.010790512897074223
1675,8375,167.5,1,oracle,0.5231289267539978,0.010919240303337574
1677,8385,167.7,1,oracle,0.41684165596961975,0.010815447196364403
1678,8390,167.8,1,oracle,0.41447871923446655,0.010820862837135792
1679,8395,167.9,1,oracle,0.5272340774536133,0.01088833436369896
1680,8400,168.0,2,"moneygram, oracle",0.5096182525157928,0.012927169678732753
1681,8405,168.1,1,oracle,0.4272018373012543,0.010945557616651058
1682,8410,168.2,1,oracle,0.6458038687705994,0.010782365687191486
1684,8420,168.4,1,oracle,0.5190737843513489,0.010896435007452965
1701,8505,170.1,1,capp,0.5098494291305542,0.003915136214345694
1712,8560,171.2,1,capp,0.6227519512176514,0.0038077132776379585
1713,8565,171.3,1,capp,0.41794830560684204,0.0038221031427383423
1733,8665,173.3,1,bwt,0.5877578258514404,0.005289132706820965
1736,8680,173.6,1,bwt,0.45569294691085815,0.00608047004789114
1741,8705,174.1,2,capp,0.7948660552501678,0.0023024866823107004
1742,8710,174.2,2,capp,0.8955658376216888,0.0037707816809415817
1751,8755,175.1,1,capp,0.7960677742958069,0.0028421746101230383
1823,9115,182.3,1,moneygram,0.6440480351448059,0.0021585868671536446
1839,9195,183.9,1,moneygram,0.4599408805370331,0.0009710033191367984
1842,9210,184.2,1,moneygram,0.5309547781944275,0.001745476620271802
1900,9500,190.0,2,atlasian,0.67122483253479,0.002051771618425846
1901,9505,190.1,1,atlasian,0.8606371283531189,0.00946715660393238
2041,10205,204.1,1,moneygram,0.47337380051612854,0.0018967969808727503
2051,10255,205.1,1,moneygram,0.4307295083999634,0.0024248226545751095
2084,10420,208.4,1,okx,0.4636270999908447,0.020871149376034737
2131,10655,213.1,1,hp,0.4457738399505615,0.0019233801867812872
2133,10665,213.3,1,hp,0.5081288814544678,0.0015403232537209988
2134,10670,213.4,1,hp,0.4344088137149811,0.0016900688642635942
2135,10675,213.5,1,hp,0.555346667766571,0.004103277809917927
2136,10680,213.6,2,hp,0.46595747768878937,0.006288078846409917
2137,10685,213.7,2,hp,0.49054551124572754,0.0038036989280954003
2138,10690,213.8,2,hp,0.43268875777721405,0.0039476953679695725
2139,10695,213.9,3,hp,0.5646079480648041,0.0060743053909391165
2140,10700,214.0,4,hp,0.7187607884407043,0.007847582106478512
2141,10705,214.1,4,hp,0.7774090766906738,0.006180345022585243
2142,10710,214.2,4,hp,0.7243846952915192,0.004904964298475534
2143,10715,214.3,4,hp,0.7290250360965729,0.003853282949421555
2144,10720,214.4,4,hp,0.6423398181796074,0.0028257271624170244
2145,10725,214.5,3,hp,0.6148053010304769,0.001693213969701901
2146,10730,214.6,2,hp,0.6615466177463531,0.0007648373721167445
2147,10735,214.7,1,hp,0.4224855601787567,0.0002427393919788301
2148,10740,214.8,2,hp,0.4897907227277756,0.0032151025370694697
2149,10745,214.9,2,hp,0.7185441255569458,0.003936299472115934
2150,10750,215.0,2,hp,0.5467522740364075,0.0034513684222474694
2151,10755,215.1,2,hp,0.6494745016098022,0.0030344794504344463
2152,10760,215.2,2,hp,0.6555771231651306,0.0028406964847818017
2153,10765,215.3,2,hp,0.5796514451503754,0.0009065930935321376
2155,10775,215.5,4,hp,0.6413155347108841,0.002327370981220156
2156,10780,215.6,3,hp,0.7466907501220703,0.00320822827052325
2157,10785,215.7,3,hp,0.7273999055226644,0.0022151699231471866
2158,10790,215.8,3,hp,0.8194999694824219,0.0031129207636695355
2159,10795,215.9,2,hp,0.7011796832084656,0.0013163195690140128
2160,10800,216.0,4,"atlasian, hp",0.5810342654585838,0.009514326287899166
2161,10805,216.1,3,hp,0.7066513995329539,0.005836774653289467
2162,10810,216.2,1,hp,0.5052736401557922,0.0009959416929632425
2163,10815,216.3,1,hp,0.6612189412117004,0.0011870980961248279
2171,10855,217.1,1,hp,0.6584286093711853,0.0035204249434173107
2204,11020,220.4,1,hp,0.6147030591964722,0.00017917341028805822
2205,11025,220.5,1,hp,0.6524678468704224,0.00017074441711883992
2206,11030,220.6,2,hp,0.6671377718448639,0.001082454080460593
2207,11035,220.7,2,hp,0.5886058211326599,0.0017685426282696426
2208,11040,220.8,1,hp,0.7797663807868958,0.002227185759693384
2209,11045,220.9,2,hp,0.773218423128128,0.003988878685049713
2210,11050,221.0,2,hp,0.6920394003391266,0.003458306600805372
2211,11055,221.1,1,hp,0.877937376499176,0.0016449710819870234
2212,11060,221.2,1,hp,0.8315791487693787,0.0007310869405046105
2213,11065,221.3,1,hp,0.6544737219810486,0.00029543653363361955
2234,11170,223.4,1,hp,0.41414523124694824,0.00033394325873814523
2236,11180,223.6,1,hp,0.6659581065177917,0.0002954333322122693
2237,11185,223.7,1,hp,0.5461467504501343,0.0002811466983985156
2238,11190,223.8,1,hp,0.5749870538711548,0.00036882862332277
2239,11195,223.9,1,hp,0.6013320088386536,0.0002651477116160095
2240,11200,224.0,1,hp,0.7924407124519348,0.00041469509596936405
2241,11205,224.1,1,hp,0.8091596364974976,0.000393977970816195
2242,11210,224.2,1,hp,0.8088012337684631,0.00028656068025156856
2243,11215,224.3,1,hp,0.659317135810852,0.00029288927908055484
2244,11220,224.4,1,hp,0.7035176753997803,0.00018474356329534203
2245,11225,224.5,1,hp,0.7658640146255493,0.00021890235075261444
2246,11230,224.6,1,hp,0.5959510207176208,0.00015360415272880346
2262,11310,226.2,2,capp,0.49754369258880615,0.0021909423521719873
2263,11315,226.3,1,capp,0.5630255937576294,0.0014325222000479698
2265,11325,226.5,1,capp,0.7238624095916748,0.0009305141284130514
2266,11330,226.6,1,capp,0.6451701521873474,0.0007225889130495489
2267,11335,226.7,1,capp,0.8767649531364441,0.0006507416255772114
2268,11340,226.8,1,capp,0.4621848165988922,0.000709182524587959
2293,11465,229.3,1,petronas,0.5854583382606506,0.0016357196727767587
2362,11810,236.2,1,oracle,0.7195606827735901,0.007405097130686045
2364,11820,236.4,1,oracle,0.4490358829498291,0.007356943096965551
2366,11830,236.6,1,oracle,0.41454818844795227,0.008820849470794201
2368,11840,236.8,1,oracle,0.4141005873680115,0.010593150742352009
2369,11845,236.9,1,oracle,0.7244390845298767,0.008824393153190613
2378,11890,237.8,1,bwt,0.5711771249771118,0.007530908100306988
2379,11895,237.9,1,bwt,0.6285000443458557,0.007598540745675564
2380,11900,238.0,1,bwt,0.5068755745887756,0.007702883332967758
2382,11910,238.2,1,capp,0.4167257249355316,0.0005493330536410213
2385,11925,238.5,1,capp,0.551711916923523,0.000518566113896668
2386,11930,238.6,2,capp,0.5716472715139389,0.0013443875359371305
2405,12025,240.5,1,capp,0.8359547853469849,0.0026260586455464363
2406,12030,240.6,1,capp,0.72529137134552,0.0021939112339168787
2449,12245,244.9,1,okx,0.5138833522796631,0.00025882504996843636
2501,12505,250.1,1,petronas,0.7104623317718506,0.0010161326499655843
2550,12750,255.0,1,atlasian,0.5860503315925598,0.0009337691590189934
2551,12755,255.1,1,atlasian,0.6306858062744141,0.0011641941964626312
2555,12775,255.5,1,atlasian,0.8716160655021667,0.007177308667451143
2630,13150,263.0,1,bwt,0.4514998495578766,0.00016993402095977217
2635,13175,263.5,1,oracle,0.46584072709083557,0.0002783077652566135
2636,13180,263.6,1,oracle,0.45708131790161133,0.00028532432042993605
2637,13185,263.7,1,oracle,0.491271436214447,0.000324832129990682
2638,13190,263.8,3,"okx, oracle",0.455340842405955,0.0006524661148432642
2639,13195,263.9,1,oracle,0.579938530921936,0.00031685837893746793
2640,13200,264.0,1,oracle,0.5514078736305237,0.0003149590047542006
2641,13205,264.1,1,oracle,0.49922657012939453,0.00032354341237805784
2642,13210,264.2,1,oracle,0.5358456373214722,0.00031959119951352477
2643,13215,264.3,1,oracle,0.576005220413208,0.00031654300983063877
2644,13220,264.4,1,oracle,0.5717126131057739,0.00030571589013561606
2645,13225,264.5,1,oracle,0.5397317409515381,0.00030037033138796687
2646,13230,264.6,1,oracle,0.4628799259662628,0.0003150824340991676
2647,13235,264.7,1,oracle,0.4475371539592743,0.00030481856083497405
2648,13240,264.8,1,oracle,0.49138912558555603,0.00030458997935056686
2649,13245,264.9,2,"okx, oracle",0.4695827513933182,0.00045993452658876777
2650,13250,265.0,1,oracle,0.48664170503616333,0.0003334230568725616
2651,13255,265.1,1,oracle,0.5913043022155762,0.0003087157674599439
2652,13260,265.2,1,oracle,0.4672194719314575,0.00034553176374174654
2653,13265,265.3,1,oracle,0.5227989554405212,0.0003310075553599745
2654,13270,265.4,1,oracle,0.5083345770835876,0.00033396651269868016
2655,13275,265.5,1,oracle,0.5443118214607239,0.0003150852571707219
2656,13280,265.6,1,oracle,0.6056300401687622,0.00030793665791861713
2657,13285,265.7,1,oracle,0.4368467926979065,0.0002827755524776876
2658,13290,265.8,1,oracle,0.5882554650306702,0.00032495646155439317
2659,13295,265.9,1,oracle,0.6040522456169128,0.00030443930882029235
2660,13300,266.0,1,oracle,0.5776922106742859,0.00028834992554038763
2661,13305,266.1,2,"okx, oracle",0.47108130156993866,0.00041825017251539975
2662,13310,266.2,1,oracle,0.45311105251312256,0.0002576155820861459
2664,13320,266.4,1,oracle,0.6095243692398071,0.0003009430365636945
2665,13325,266.5,2,"okx, oracle",0.5656087696552277,0.00046673070755787194
2666,13330,266.6,1,oracle,0.6063523292541504,0.00031104483059607446
2667,13335,266.7,3,"hp, oracle",0.5059693654378256,0.0015010897477623075
2669,13345,266.9,3,"hp, oracle",0.4915206829706828,0.0010445027146488428
2670,13350,267.0,2,"hp, oracle",0.5108908265829086,0.0005878256924916059
2671,13355,267.1,5,"hp, oracle",0.5540494084358215,0.0013641333134728484
2672,13360,267.2,6,"hp, okx, oracle",0.5923255731662115,0.001886921701952815
2673,13365,267.3,4,"hp, oracle",0.6028807163238525,0.0013210443721618503
2674,13370,267.4,5,"hp, oracle",0.7070341467857361,0.0018952204700326547
2675,13375,267.5,5,"hp, oracle",0.6707193613052368,0.002033897239016369
2676,13380,267.6,6,"hp, okx, oracle",0.6384957085053126,0.00211770593887195
2677,13385,267.7,5,"hp, oracle",0.6423796653747559,0.0019492866704240441
2678,13390,267.8,7,"hp, oracle",0.5742330210549491,0.0030124104814603925
2679,13395,267.9,8,"hp, oracle",0.6663627699017525,0.0034238483931403607
2680,13400,268.0,7,hp,0.6308707850319999,0.003289517655503005
2681,13405,268.1,6,hp,0.6591452310482661,0.002866640832507983
2682,13410,268.2,5,"hp, oracle",0.6247819006443024,0.004024541034596041
2683,13415,268.3,2,"hp, oracle",0.6733476519584656,0.002038280217675492
2684,13420,268.4,3,"hp, oracle",0.6021664043267568,0.004543703107628971
2685,13425,268.5,1,oracle,0.45720699429512024,0.00033208788954652846
2686,13430,268.6,2,"hp, oracle",0.6219518184661865,0.003797260724240914
2687,13435,268.7,1,hp,0.49534645676612854,0.0009276648634113371
2688,13440,268.8,1,oracle,0.44861921668052673,0.00030705257086083293
2689,13445,268.9,2,"okx, oracle",0.48198099434375763,0.0004581718530971557
2690,13450,269.0,2,"hp, oracle",0.41814589500427246,0.00043450985685922205
2691,13455,269.1,1,oracle,0.5855955481529236,0.00030817725928500295
2692,13460,269.2,2,"okx, oracle",0.5418293178081512,0.0004167331208009273
2693,13465,269.3,1,oracle,0.6746967434883118,0.00031151968869380653
2694,13470,269.4,1,oracle,0.7529184818267822,0.0003421884321141988
2695,13475,269.5,2,"okx, oracle",0.541520357131958,0.0004641677805921063
2696,13480,269.6,1,oracle,0.7178153991699219,0.0003484834742266685
2697,13485,269.7,2,"okx, oracle",0.5603407770395279,0.0004685780149884522
2698,13490,269.8,2,"okx, oracle",0.5211352705955505,0.0004741348675452173
2699,13495,269.9,1,oracle,0.5491864085197449,0.0002885220746975392
2700,13500,270.0,1,oracle,0.5812689661979675,0.0002834465412888676
2701,13505,270.1,1,oracle,0.5345126390457153,0.00028900307370349765
2702,13510,270.2,1,oracle,0.5264790058135986,0.0003095991851296276
2705,13525,270.5,2,"okx, oracle",0.4411407709121704,0.0004415398871060461
2707,13535,270.7,1,oracle,0.4212758541107178,0.00031266643782146275
2710,13550,271.0,1,oracle,0.4826262593269348,0.0002818256616592407
2723,13615,272.3,1,oracle,0.5320138931274414,0.00032771474798209965
2724,13620,272.4,1,oracle,0.5840488076210022,0.00029227358754724264
2725,13625,272.5,1,oracle,0.5083679556846619,0.0003216360055375844
2726,13630,272.6,1,oracle,0.5393818020820618,0.000306273897876963
2727,13635,272.7,1,oracle,0.4312281012535095,0.0002707497333176434
2730,13650,273.0,1,okx,0.40971842408180237,0.00014092329365666956
2733,13665,273.3,2,"hp, oracle",0.6020868718624115,0.000660669436911121
2734,13670,273.4,2,"hp, oracle",0.5605430752038956,0.000753664702642709
2735,13675,273.5,2,"hp, oracle",0.6393473297357559,0.0007544213440269232
2736,13680,273.6,2,"hp, oracle",0.5916509628295898,0.0007557809294667095
2737,13685,273.7,2,"hp, oracle",0.5275422632694244,0.0007025567465461791
2738,13690,273.8,2,"hp, oracle",0.5122023075819016,0.0006216576730366796
2739,13695,273.9,2,"hp, oracle",0.5463660359382629,0.0006396835669875145
2740,13700,274.0,1,oracle,0.4775049388408661,0.00032686092890799046
2741,13705,274.1,1,oracle,0.44386640191078186,0.00034567888360470533
2743,13715,274.3,1,okx,0.48688849806785583,0.00010856678272830322
2745,13725,274.5,1,oracle,0.41579321026802063,0.0002897407684940845
2746,13730,274.6,3,"atlasian, okx, oracle",0.45956461628278095,0.0006889399737701751
2747,13735,274.7,1,okx,0.4685935378074646,0.00011510345211718231
2748,13740,274.8,3,"atlasian, okx, oracle",0.49452418088912964,0.0006648261696682312
2749,13745,274.9,1,oracle,0.5224838852882385,0.000276388629572466
2750,13750,275.0,1,oracle,0.5622037053108215,0.0002955247473437339
2751,13755,275.1,2,"okx, oracle",0.48647192120552063,0.00041694855462992564
2752,13760,275.2,1,oracle,0.5628402233123779,0.00030203178175725043
2753,13765,275.3,2,"okx, oracle",0.5313650071620941,0.0004297786217648536
2754,13770,275.4,2,"okx, oracle",0.4989611506462097,0.00041426382813369855
2778,13890,277.8,2,aramco,0.7352245151996613,0.0038498941576108336
2779,13895,277.9,2,aramco,0.6776902675628662,0.004204874392598867
2780,13900,278.0,3,aramco,0.5230651696523031,0.0047790646203793585
2781,13905,278.1,2,aramco,0.6514067649841309,0.004008367657661438
2782,13910,278.2,2,aramco,0.653669536113739,0.0023482233518734574
2783,13915,278.3,1,aramco,0.8149321675300598,0.0010475736344233155
2784,13920,278.4,1,aramco,0.7677908539772034,0.0011731191771104932
2785,13925,278.5,1,aramco,0.8316505551338196,0.0012518733274191618
2786,13930,278.6,1,aramco,0.8237938284873962,0.0010310197249054909
2787,13935,278.7,1,aramco,0.8487251996994019,0.001313551445491612
2788,13940,278.8,1,aramco,0.8398648500442505,0.0016462926287204027
2789,13945,278.9,1,aramco,0.8932499885559082,0.002334315562620759
2790,13950,279.0,1,aramco,0.8646429777145386,0.0027783019468188286
2791,13955,279.1,1,aramco,0.870926022529602,0.003699196269735694
2792,13960,279.2,1,aramco,0.8462598323822021,0.005517933517694473
2793,13965,279.3,1,aramco,0.8221191763877869,0.006675151642411947
2794,13970,279.4,1,aramco,0.8112990260124207,0.008332042954862118
2795,13975,279.5,1,aramco,0.7699857950210571,0.008136344142258167
2796,13980,279.6,1,aramco,0.835551917552948,0.008032766170799732
2797,13985,279.7,1,aramco,0.8414568901062012,0.007442947942763567
2798,13990,279.8,1,aramco,0.8546594381332397,0.006891375873237848
2799,13995,279.9,1,aramco,0.9005803465843201,0.005929878912866116
2800,14000,280.0,1,aramco,0.6114866733551025,0.00530388904735446
2816,14080,281.6,1,petronas,0.5235611796379089,0.0027291744481772184
2817,14085,281.7,1,petronas,0.5111432671546936,0.0031622587703168392
2820,14100,282.0,1,petronas,0.6486671566963196,0.0038993828929960728
2821,14105,282.1,1,petronas,0.540135383605957,0.0038528877776116133
2827,14135,282.7,1,atlasian,0.4086175560951233,0.0045414636842906475
2831,14155,283.1,1,atlasian,0.5753613114356995,0.0045136380940675735
2832,14160,283.2,1,atlasian,0.7489493489265442,0.00411708140745759
2833,14165,283.3,1,atlasian,0.5306649804115295,0.003451500553637743
2834,14170,283.4,1,atlasian,0.477558434009552,0.0032936367206275463
2835,14175,283.5,1,atlasian,0.7149472832679749,0.004424235783517361
2836,14180,283.6,1,atlasian,0.7863286137580872,0.004066407680511475
2837,14185,283.7,1,atlasian,0.7506275177001953,0.004157091025263071
2838,14190,283.8,1,atlasian,0.4552615284919739,0.003792773699387908
2839,14195,283.9,1,atlasian,0.43690192699432373,0.002528263023123145
2840,14200,284.0,1,atlasian,0.7183814644813538,0.004064592067152262
2841,14205,284.1,1,atlasian,0.6725400686264038,0.004096910357475281
2842,14210,284.2,1,atlasian,0.4237065017223358,0.0037093551363795996
2845,14225,284.5,1,capp,0.5441861748695374,0.0020222181919962168
2847,14235,284.7,1,atlasian,0.6245234608650208,0.004212101921439171
2848,14240,284.8,1,atlasian,0.4193727374076843,0.003871401771903038
2849,14245,284.9,1,atlasian,0.43705087900161743,0.003743094392120838
2850,14250,285.0,1,atlasian,0.5441393852233887,0.004206119570881128
2851,14255,285.1,1,atlasian,0.44207099080085754,0.003494092496111989
2852,14260,285.2,1,petronas,0.45835670828819275,0.0037610658910125494
2855,14275,285.5,1,atlasian,0.6683693528175354,0.004151638597249985
2857,14285,285.7,1,petronas,0.5278415679931641,0.0037402778398245573
2859,14295,285.9,1,atlasian,0.4906574785709381,0.003172995988279581
2860,14300,286.0,1,atlasian,0.5129368305206299,0.003207105677574873
2861,14305,286.1,1,atlasian,0.4381253719329834,0.0033914088271558285
2862,14310,286.2,1,atlasian,0.4059348404407501,0.003409513272345066
2865,14325,286.5,1,atlasian,0.4153681695461273,0.0031431466341018677
2866,14330,286.6,1,atlasian,0.4769553244113922,0.003398977452889085
2867,14335,286.7,1,atlasian,0.4153721332550049,0.003119427477940917
2868,14340,286.8,1,atlasian,0.4007282853126526,0.0029148608446121216
2870,14350,287.0,1,atlasian,0.5576493740081787,0.0044073546305298805
2871,14355,287.1,1,petronas,0.4587538540363312,0.0038185063749551773
2880,14400,288.0,1,petronas,0.619160532951355,0.003798563964664936
2881,14405,288.1,1,petronas,0.7085486650466919,0.003551073372364044
2882,14410,288.2,1,petronas,0.6561174988746643,0.0036658351309597492
2885,14425,288.5,1,petronas,0.5167750716209412,0.0034175340551882982
2887,14435,288.7,1,petronas,0.40210363268852234,0.0034036533907055855
2891,14455,289.1,1,petronas,0.4064951539039612,0.003487542038783431
2892,14460,289.2,1,petronas,0.5196788907051086,0.003611476393416524
2895,14475,289.5,1,petronas,0.7004047632217407,0.0031792744994163513
2896,14480,289.6,1,petronas,0.7254758477210999,0.0032218836713582277
2897,14485,289.7,1,petronas,0.6604530215263367,0.0032000220380723476
2900,14500,290.0,1,petronas,0.7490135431289673,0.0031181464437395334
2901,14505,290.1,1,petronas,0.8273782730102539,0.0031456355936825275
2902,14510,290.2,1,petronas,0.7159281373023987,0.0031392774544656277
2905,14525,290.5,1,petronas,0.7545803189277649,0.0034772343933582306
2906,14530,290.6,1,petronas,0.7541006207466125,0.0033453190699219704
2907,14535,290.7,1,petronas,0.6371524930000305,0.003303740406408906
2910,14550,291.0,1,petronas,0.555088996887207,0.003593426663428545
2911,14555,291.1,1,petronas,0.6691133975982666,0.0033297943882644176
2912,14560,291.2,1,petronas,0.7424051761627197,0.003527760272845626
2915,14575,291.5,1,petronas,0.7628901600837708,0.0032210187055170536
2916,14580,291.6,1,petronas,0.7533195614814758,0.0032973207999020815
2917,14585,291.7,1,petronas,0.7874590754508972,0.003108061384409666
2920,14600,292.0,1,petronas,0.8144883513450623,0.0031179997604340315
2921,14605,292.1,1,petronas,0.8206381797790527,0.003206986468285322
2922,14610,292.2,1,petronas,0.8494696617126465,0.003169313305988908
2925,14625,292.5,1,petronas,0.8493407368659973,0.003397021908313036
2926,14630,292.6,1,petronas,0.8291829228401184,0.003408184042200446
2927,14635,292.7,1,petronas,0.8560237288475037,0.0032822845969349146
2930,14650,293.0,3,petronas,0.5865198175112406,0.0038049211289035156
2931,14655,293.1,2,petronas,0.6464207321405411,0.003441694992943667
2932,14660,293.2,1,petronas,0.8963200449943542,0.003572834422811866
2936,14680,293.6,1,atlasian,0.6216579675674438,0.0007359259761869907
2942,14710,294.2,1,atlasian,0.7807033061981201,0.0008062704000622034
2943,14715,294.3,1,atlasian,0.5679721832275391,0.0006611388525925577
2944,14720,294.4,2,atlasian,0.5028599202632904,0.0012666763504967093
2946,14730,294.6,1,atlasian,0.4805734157562256,0.0005867911386303604
2997,14985,299.7,1,okx,0.4047371745109558,0.000260285334661603
3001,15005,300.1,1,okx,0.6412936449050903,0.00033879978582262993
3002,15010,300.2,1,okx,0.5738738775253296,0.0004204207507427782
3003,15015,300.3,2,okx,0.6395854651927948,0.0008273567946162075
3004,15020,300.4,2,okx,0.583466112613678,0.0011392389133106917
3005,15025,300.5,1,okx,0.760989785194397,0.000818529340904206
3006,15030,300.6,1,okx,0.7990153431892395,0.0013053531292825937
3007,15035,300.7,1,okx,0.7553220391273499,0.002207010518759489
3231,16155,323.1,1,oracle,0.45162999629974365,0.0005949460901319981
3322,16610,332.2,1,petronas,0.4320951998233795,0.000728256010916084
3323,16615,332.3,2,petronas,0.6295004040002823,0.0013779628206975758
3324,16620,332.4,2,petronas,0.6936140656471252,0.00207255786517635
3325,16625,332.5,1,petronas,0.823588490486145,0.0008039776585064828
3326,16630,332.6,1,petronas,0.8913686275482178,0.0011991066858172417
3327,16635,332.7,1,petronas,0.676364004611969,0.0018169545801356435
3330,16650,333.0,2,"capp, petronas",0.5362931787967682,0.0017027586291078478
3331,16655,333.1,1,petronas,0.4634195864200592,0.0011797866318374872
3363,16815,336.3,1,oracle,0.41697052121162415,0.0004091082082595676
3365,16825,336.5,1,oracle,0.6094717383384705,0.00047920417273417115
3377,16885,337.7,2,atlasian,0.44728055596351624,0.0028227645670995116
3378,16890,337.8,3,"atlasian, petronas",0.4380594293276469,0.002990111068356782
3379,16895,337.9,3,"atlasian, petronas",0.6534155011177063,0.0028150172729510814
3380,16900,338.0,4,"atlasian, petronas",0.5744858384132385,0.004092063492862508
3381,16905,338.1,2,petronas,0.5355432629585266,0.0029016713378950953
3382,16910,338.2,4,petronas,0.47273465245962143,0.003821543708909303
3383,16915,338.3,2,petronas,0.6720911860466003,0.0026808160182554275
3384,16920,338.4,2,petronas,0.664133608341217,0.002684289705939591
3385,16925,338.5,2,petronas,0.7381884157657623,0.003003053803695366
3386,16930,338.6,2,petronas,0.5458483844995499,0.0030514223035424948
3387,16935,338.7,3,petronas,0.4674302140871684,0.004738693358376622
3388,16940,338.8,4,"moneygram, petronas",0.6325167790055275,0.005065555305918679
3389,16945,338.9,2,petronas,0.5565733015537262,0.0011464762792456895
3390,16950,339.0,3,"oracle, petronas",0.6536945700645447,0.0023116123920772225
3391,16955,339.1,2,petronas,0.6814860105514526,0.0008312214631587267
3392,16960,339.2,2,petronas,0.6174628883600235,0.0036419306707102805
3393,16965,339.3,2,petronas,0.5396827757358551,0.004638145590433851
3394,16970,339.4,2,petronas,0.767646074295044,0.004941852967021987
3395,16975,339.5,3,petronas,0.6497449278831482,0.0052102736372035
3396,16980,339.6,2,petronas,0.49247485399246216,0.0011632226523943245
3397,16985,339.7,2,petronas,0.5181411057710648,0.003276358882430941
3398,16990,339.8,3,petronas,0.6317461431026459,0.004404901148518547
3399,16995,339.9,3,petronas,0.6019566059112549,0.004184015444479883
3400,17000,340.0,2,petronas,0.5566168427467346,0.0040737364906817675
3401,17005,340.1,3,petronas,0.7191878954569498,0.0038233945379033685
3402,17010,340.2,3,petronas,0.6221755743026733,0.005125599622260779
3403,17015,340.3,2,"atlasian, petronas",0.48614320158958435,0.005595322814770043
3404,17020,340.4,4,"atlasian, petronas",0.5798632800579071,0.006253718544030562
3405,17025,340.5,4,"atlasian, petronas",0.5052217915654182,0.006730687047820538
3406,17030,340.6,3,petronas,0.7360498905181885,0.0049796500825323164
3407,17035,340.7,3,"atlasian, petronas",0.6158031026522318,0.006302666501142085
3408,17040,340.8,4,"atlasian, petronas",0.6455688253045082,0.0072881153027992696
3409,17045,340.9,4,"atlasian, petronas",0.5631438568234444,0.007441512600053102
3410,17050,341.0,4,"atlasian, petronas",0.6362654715776443,0.007678245048737153
3411,17055,341.1,4,"atlasian, petronas",0.6127064526081085,0.007140688539948314
3412,17060,341.2,4,"atlasian, petronas",0.6282829344272614,0.008374641358386725
3413,17065,341.3,5,"atlasian, petronas",0.601992404460907,0.008860446338076144
3414,17070,341.4,3,petronas,0.7496500611305237,0.006864494294859469
3415,17075,341.5,5,petronas,0.6336803793907165,0.008950077812187374
3416,17080,341.6,2,petronas,0.6337480843067169,0.006888397969305515
3417,17085,341.7,3,petronas,0.6240511536598206,0.007462973124347627
3418,17090,341.8,1,petronas,0.7905333042144775,0.007614455185830593
3419,17095,341.9,1,petronas,0.6235264539718628,0.009461882524192333
3420,17100,342.0,1,atlasian,0.4346773624420166,0.001657717628404498
3421,17105,342.1,1,atlasian,0.43121132254600525,0.0014801450306549668
3424,17120,342.4,1,atlasian,0.5044699907302856,0.001661151647567749
3425,17125,342.5,1,atlasian,0.8445693850517273,0.002541801892220974
3426,17130,342.6,2,atlasian,0.648388683795929,0.005404149880632758
3427,17135,342.7,1,atlasian,0.719167947769165,0.005242195446044207
3428,17140,342.8,1,atlasian,0.9287167191505432,0.007131262216717005
3429,17145,342.9,1,atlasian,0.8871689438819885,0.008125141263008118
3447,17235,344.7,1,oracle,0.522531270980835,0.0012736923526972532
3450,17250,345.0,1,oracle,0.7005023956298828,0.0007552884053438902
3453,17265,345.3,1,petronas,0.6203999519348145,0.0011160247959196568
3454,17270,345.4,2,petronas,0.49198880791664124,0.0025885767536237836
3455,17275,345.5,1,petronas,0.6972774863243103,0.0015246575931087136
3456,17280,345.6,1,petronas,0.6503939628601074,0.001731356605887413
3457,17285,345.7,2,petronas,0.7236941754817963,0.002668017288669944
3458,17290,345.8,3,petronas,0.6453620195388794,0.015324304753448814
3461,17305,346.1,1,atlasian,0.780563473701477,0.002590145217254758
3462,17310,346.2,1,atlasian,0.7711394429206848,0.002553155180066824
3463,17315,346.3,1,atlasian,0.6889449954032898,0.0025518538895994425
3464,17320,346.4,1,atlasian,0.5627146363258362,0.0019031608244404197
3465,17325,346.5,1,atlasian,0.7460909485816956,0.0019439132884144783
3466,17330,346.6,1,atlasian,0.7456219792366028,0.0019136322662234306
3467,17335,346.7,1,atlasian,0.8144824504852295,0.0014764848165214062
3468,17340,346.8,1,atlasian,0.7639102339744568,0.0013688737526535988
3469,17345,346.9,1,atlasian,0.8191278576850891,0.0011844359105452895
3471,17355,347.1,2,atlasian,0.5277146399021149,0.007650090381503105
3474,17370,347.4,1,atlasian,0.41047975420951843,0.013132531195878983
3478,17390,347.8,1,atlasian,0.5252489447593689,0.0008228361839428544
3483,17415,348.3,3,petronas,0.6550250947475433,0.004851415462326258
3484,17420,348.4,2,petronas,0.7358167469501495,0.005121481255628169
3485,17425,348.5,3,petronas,0.6434673766295115,0.033216095296666026
3486,17430,348.6,2,petronas,0.7306273877620697,0.010989486239850521
3487,17435,348.7,1,petronas,0.7697610259056091,0.006655797362327576
3488,17440,348.8,2,petronas,0.6451103389263153,0.010142200975678861
3489,17445,348.9,1,petronas,0.8140012621879578,0.0018671421566978097
3491,17455,349.1,2,petronas,0.5743595659732819,0.007854441180825233
3492,17460,349.2,2,petronas,0.5064727962017059,0.011460320558398962
3493,17465,349.3,3,petronas,0.579852839310964,0.01857012987602502
3494,17470,349.4,2,"atlasian, petronas",0.5433898270130157,0.013582364190369844
3495,17475,349.5,2,"atlasian, petronas",0.6085609495639801,0.011789894837420434
3496,17480,349.6,1,petronas,0.522519588470459,0.012784304097294807
3499,17495,349.9,1,atlasian,0.8696905374526978,0.0012207092950120568
3500,17500,350.0,1,atlasian,0.5290386080741882,0.0012589505640789866
3503,17515,350.3,1,atlasian,0.7218383550643921,0.003373387735337019
3506,17530,350.6,1,petronas,0.435147762298584,0.0005361634539440274
3507,17535,350.7,1,petronas,0.6207612752914429,0.0006889900541864336
3508,17540,350.8,1,petronas,0.6139971613883972,0.0006805398152209818
3509,17545,350.9,1,petronas,0.7389313578605652,0.0005123945884406567
3511,17555,351.1,1,petronas,0.5097896456718445,0.0007842218619771302
3512,17560,351.2,1,petronas,0.658965528011322,0.0006957565783523023
3513,17565,351.3,3,petronas,0.4547192454338074,0.0017485790303908288
3514,17570,351.4,1,petronas,0.682291567325592,0.0009052086970768869
3515,17575,351.5,2,petronas,0.507551297545433,0.0013238617684692144
3518,17590,351.8,1,atlasian,0.41903215646743774,0.0006660590297542512
3519,17595,351.9,2,"atlasian, petronas",0.6104089617729187,0.0015125081408768892
3520,17600,352.0,3,"atlasian, petronas",0.5269842147827148,0.002551263605710119
3521,17605,352.1,2,"atlasian, petronas",0.5568545162677765,0.0013214355276431888
3522,17610,352.2,1,petronas,0.6096424460411072,0.0003467099159024656
3523,17615,352.3,1,petronas,0.6771847009658813,0.0002960544952657074
3524,17620,352.4,2,"atlasian, petronas",0.5487331449985504,0.0009545221400912851
3525,17625,352.5,1,atlasian,0.6557669043540955,0.000867827795445919
3526,17630,352.6,1,moneygram,0.6757098436355591,0.0013233354547992349
3527,17635,352.7,1,atlasian,0.7869783043861389,0.0025304171722382307
3528,17640,352.8,1,atlasian,0.637759268283844,0.005079351831227541
3529,17645,352.9,1,atlasian,0.7618563175201416,0.003840287681668997
3545,17725,354.5,1,oracle,0.7576364278793335,0.005151528865098953
3546,17730,354.6,1,oracle,0.7145208716392517,0.0026198504492640495
3547,17735,354.7,2,oracle,0.5203371047973633,0.00304213585332036
3548,17740,354.8,2,oracle,0.5874073803424835,0.002284269081428647
3549,17745,354.9,2,oracle,0.6202016770839691,0.0016769225476309657
3550,17750,355.0,2,oracle,0.6976204216480255,0.0014021309034433216
3552,17760,355.2,2,oracle,0.44152848422527313,0.0013616036740131676
3553,17765,355.3,2,oracle,0.6497868895530701,0.0012117485457565635
3588,17940,358.8,1,oracle,0.5320718288421631,0.002256083069369197
3589,17945,358.9,1,oracle,0.6298637986183167,0.0038687600754201412
3598,17990,359.8,2,okx,0.8658902049064636,0.01980202365666628
3599,17995,359.9,2,okx,0.855976402759552,0.020477253943681717
3600,18000,360.0,2,okx,0.8499241173267365,0.020305807702243328
3601,18005,360.1,2,okx,0.8293164372444153,0.019725252874195576
3602,18010,360.2,2,okx,0.825165718793869,0.01962932199239731
3603,18015,360.3,2,okx,0.8511004447937012,0.019753756001591682
3604,18020,360.4,2,okx,0.8814332485198975,0.019784201867878437
3605,18025,360.5,2,okx,0.881558358669281,0.019984436221420765
3606,18030,360.6,2,okx,0.8733851909637451,0.020615936256945133
3607,18035,360.7,2,okx,0.8646726906299591,0.020400747656822205
3608,18040,360.8,2,okx,0.8752643167972565,0.020360331051051617
3609,18045,360.9,2,okx,0.8713583946228027,0.019970563240349293
3610,18050,361.0,2,okx,0.8765457570552826,0.020451084710657597
3611,18055,361.1,2,okx,0.8600477874279022,0.020317895337939262
3612,18060,361.2,2,okx,0.8702744543552399,0.01988572906702757
3613,18065,361.3,2,okx,0.8618099093437195,0.019900104962289333
3614,18070,361.4,2,okx,0.8605727851390839,0.019920633174479008
3615,18075,361.5,2,okx,0.8610103130340576,0.019830374978482723
3616,18080,361.6,2,okx,0.8632999062538147,0.019942781887948513
3617,18085,361.7,2,okx,0.8590302765369415,0.019224371761083603
3618,18090,361.8,2,okx,0.8727253079414368,0.019451170228421688
3619,18095,361.9,2,okx,0.8568588197231293,0.01954739075154066
3620,18100,362.0,2,okx,0.8777445554733276,0.019349458627402782
3621,18105,362.1,2,okx,0.8916674852371216,0.019944136030972004
3622,18110,362.2,2,okx,0.8718716502189636,0.020967804826796055
3623,18115,362.3,2,okx,0.8813984990119934,0.0208889814093709
3624,18120,362.4,2,okx,0.8904058039188385,0.021002785302698612
3625,18125,362.5,2,okx,0.8797555863857269,0.02065906021744013
3626,18130,362.6,2,okx,0.8813266754150391,0.020339970476925373
3627,18135,362.7,2,okx,0.8859375715255737,0.0198419950902462
3628,18140,362.8,2,okx,0.8648950159549713,0.019781081937253475
3629,18145,362.9,2,okx,0.8623818159103394,0.020054961554706097
3630,18150,363.0,2,okx,0.8106967508792877,0.01981127168983221
3631,18155,363.1,2,okx,0.6685703247785568,0.01960562076419592
3632,18160,363.2,1,okx,0.8517870306968689,0.009510105475783348
3633,18165,363.3,1,okx,0.8495990633964539,0.009859034791588783
3634,18170,363.4,1,okx,0.8686539530754089,0.00983656756579876
3635,18175,363.5,2,okx,0.8527465462684631,0.020282069221138954
3636,18180,363.6,2,okx,0.8899098038673401,0.021243405528366566
3637,18185,363.7,1,okx,0.8214786648750305,0.009794296696782112
3638,18190,363.8,1,okx,0.7478785514831543,0.010567001067101955
3639,18195,363.9,1,okx,0.7552234530448914,0.01011547353118658
3640,18200,364.0,1,okx,0.8089794516563416,0.009216089732944965
3643,18215,364.3,1,okx,0.5855826139450073,0.00916065089404583
3644,18220,364.4,2,okx,0.7103962004184723,0.017215358093380928
3645,18225,364.5,2,okx,0.8410396873950958,0.02114482969045639
3646,18230,364.6,2,okx,0.88021519780159,0.020291995257139206
3647,18235,364.7,2,okx,0.8865310549736023,0.02063262090086937
3648,18240,364.8,2,okx,0.8721364736557007,0.020413565449416637
3649,18245,364.9,2,okx,0.885808914899826,0.020984435454010963
3650,18250,365.0,2,okx,0.870904266834259,0.02004885859787464
3651,18255,365.1,2,okx,0.8699440062046051,0.01971655711531639
3652,18260,365.2,2,okx,0.8697702586650848,0.020721915178000927
3653,18265,365.3,2,okx,0.8708446025848389,0.021259034052491188
3654,18270,365.4,2,okx,0.8664133548736572,0.020869157277047634
3655,18275,365.5,2,okx,0.8524108827114105,0.019967015832662582
3656,18280,365.6,2,okx,0.869083046913147,0.019778955727815628
3657,18285,365.7,2,okx,0.8567019999027252,0.020555605180561543
3658,18290,365.8,2,okx,0.8633082211017609,0.01998352911323309
3659,18295,365.9,2,okx,0.8670399785041809,0.020246462896466255
3660,18300,366.0,2,okx,0.875539094209671,0.019939281046390533
3661,18305,366.1,2,okx,0.8596034049987793,0.020487118512392044
3662,18310,366.2,2,okx,0.8413047790527344,0.0200378205627203
3663,18315,366.3,2,okx,0.865464597940445,0.020218821242451668
3664,18320,366.4,2,okx,0.8560644388198853,0.018982798792421818
3665,18325,366.5,2,okx,0.873985230922699,0.020007391460239887
3666,18330,366.6,2,okx,0.8606612384319305,0.019802830182015896
3667,18335,366.7,2,okx,0.8598792552947998,0.019436517730355263
3668,18340,366.8,2,okx,0.8529760539531708,0.019629038870334625
3669,18345,366.9,2,okx,0.8589760959148407,0.019525988958775997
3670,18350,367.0,2,okx,0.8463121950626373,0.02023552916944027
3671,18355,367.1,2,okx,0.8905456364154816,0.01999280694872141
3672,18360,367.2,2,okx,0.889030247926712,0.020833403803408146
3673,18365,367.3,2,okx,0.8721979558467865,0.01992520224303007
3674,18370,367.4,2,okx,0.9001041948795319,0.020522083155810833
3675,18375,367.5,2,okx,0.8921736776828766,0.02058525662869215
3676,18380,367.6,2,okx,0.8800294101238251,0.020746254362165928
3677,18385,367.7,2,okx,0.8925357162952423,0.02061206568032503
3678,18390,367.8,2,okx,0.8499937355518341,0.019730267114937305
3679,18395,367.9,1,okx,0.8435481190681458,0.0094949034973979
3691,18455,369.1,1,okx,0.45131587982177734,0.0002698628231883049
3692,18460,369.2,1,okx,0.44611480832099915,0.00026628008345142007
3694,18470,369.4,1,okx,0.5729393362998962,0.00029473521863110363
3695,18475,369.5,4,"hp, okx",0.46339819580316544,0.002536114741815254
3696,18480,369.6,3,hp,0.5379616518815359,0.0005210704985074699
3697,18485,369.7,2,hp,0.7219051122665405,0.0004015017475467175
3698,18490,369.8,2,hp,0.6007695347070694,0.0005807947309222072
3699,18495,369.9,3,hp,0.5923064847787222,0.002236287167761475
3700,18500,370.0,1,hp,0.8758357763290405,0.001257065450772643
3701,18505,370.1,1,hp,0.8436225652694702,0.0013955734902992845
3702,18510,370.2,2,hp,0.6131890714168549,0.004842458642087877
3703,18515,370.3,1,hp,0.6647010445594788,0.0014935873914510012
3704,18520,370.4,1,hp,0.6230673789978027,0.0010249868500977755
3705,18525,370.5,2,"hp, okx",0.4539407044649124,0.000682338053593412
3706,18530,370.6,2,"hp, okx",0.5260760933160782,0.0004617847880581394
3707,18535,370.7,1,okx,0.42237362265586853,0.00024931709049269557
3708,18540,370.8,1,okx,0.4110734462738037,0.00023292853438761085
3709,18545,370.9,1,okx,0.44493287801742554,0.00025372885284014046
3710,18550,371.0,1,okx,0.5257224440574646,0.00024460346321575344
3711,18555,371.1,1,okx,0.536517322063446,0.00025287934113293886
3713,18565,371.3,1,okx,0.5308505296707153,0.0003175159508828074
3725,18625,372.5,1,okx,0.4368293881416321,0.0002763948286883533
3726,18630,372.6,1,okx,0.5219113826751709,0.0002905299188569188
3727,18635,372.7,1,okx,0.4443104565143585,0.0002648689260240644
3729,18645,372.9,1,okx,0.4656100869178772,0.00023669571965001523
3732,18660,373.2,1,okx,0.4642655551433563,0.00028860659222118556
3736,18680,373.6,1,okx,0.4168272316455841,0.0003269168664701283
3738,18690,373.8,1,okx,0.6768473386764526,0.0007135599735192955
3742,18710,374.2,1,hp,0.8486728072166443,0.003925547003746033
3759,18795,375.9,1,okx,0.5316178202629089,0.0007404682692140341
3760,18800,376.0,1,okx,0.8042929172515869,0.000889232789631933
3761,18805,376.1,2,"hp, okx",0.7461167573928833,0.001186432215035893
3762,18810,376.2,1,okx,0.827648401260376,0.0011778719490393996
3763,18815,376.3,1,okx,0.8482299447059631,0.0014206969644874334
3764,18820,376.4,2,"hp, okx",0.7258382737636566,0.0020882455282844603
3765,18825,376.5,2,"hp, okx",0.68047034740448,0.002346936715184711
3766,18830,376.6,1,okx,0.8577215671539307,0.0022871503606438637
3767,18835,376.7,2,"hp, okx",0.7651441991329193,0.0026197864208370447
3768,18840,376.8,4,"hp, okx",0.7223570346832275,0.005890207845368423
3769,18845,376.9,4,"hp, okx",0.7520148754119873,0.00657841275096871
3770,18850,377.0,3,hp,0.6402238508065542,0.0011097653186880052
3771,18855,377.1,3,hp,0.7091408570607504,0.0011137347610201687
3772,18860,377.2,3,hp,0.7783742149670919,0.0016457918100059032
3773,18865,377.3,2,hp,0.7983048856258392,0.0008821325027383864
3774,18870,377.4,1,okx,0.4172188341617584,0.00018807098967954516
3775,18875,377.5,1,hp,0.4861438274383545,7.654248474864289e-05
3776,18880,377.6,1,okx,0.5544534921646118,0.0002641801838763058
3777,18885,377.7,1,okx,0.45813801884651184,0.00028880758327431977
3778,18890,377.8,1,okx,0.4521704316139221,0.0002998422714881599
3779,18895,377.9,3,"hp, okx",0.4544387956460317,0.0005300842749420553
3780,18900,378.0,2,okx,0.5072817504405975,0.0007453710422851145
3781,18905,378.1,1,okx,0.7572614550590515,0.0005763715016655624
3782,18910,378.2,1,okx,0.7177616953849792,0.0007991164457052946
3783,18915,378.3,1,okx,0.871557891368866,0.0010433042189106345
3784,18920,378.4,2,"hp, okx",0.680981457233429,0.0015388470637844875
3785,18925,378.5,2,"hp, okx",0.7501677870750427,0.0020224332984071225
3786,18930,378.6,2,hp,0.5473898649215698,0.0005963923467788845
3823,19115,382.3,1,okx,0.44276052713394165,0.00019278842955827713
3863,19315,386.3,1,oracle,0.7150312662124634,0.014095689170062542
3864,19320,386.4,1,oracle,0.5067616105079651,0.013202662579715252
3865,19325,386.5,1,capp,0.4437426030635834,0.0011932037305086851
3867,19335,386.7,1,capp,0.4178963303565979,0.0019222252303734422
3869,19345,386.9,1,capp,0.45612064003944397,0.001952771912328899
3871,19355,387.1,1,capp,0.6014422178268433,0.001949799945577979
3882,19410,388.2,1,oracle,0.5363417863845825,0.00475732097402215
3884,19420,388.4,1,oracle,0.587828516960144,0.023915931582450867
3885,19425,388.5,2,oracle,0.5927250981330872,0.027611874509602785
3888,19440,388.8,1,oracle,0.829097330570221,0.010100959800183773
3889,19445,388.9,1,oracle,0.8710059523582458,0.006419200915843248
3929,19645,392.9,1,hp,0.7099665999412537,0.0012911303201690316
3935,19675,393.5,1,hp,0.4517861604690552,0.0011506919981911778
3936,19680,393.6,1,hp,0.44287553429603577,0.0011400311486795545
3969,19845,396.9,1,moneygram,0.6019941568374634,0.0004481555079109967
4077,20385,407.7,1,oracle,0.7210589647293091,0.0018280805088579655
4078,20390,407.8,1,oracle,0.4609423577785492,0.0014405959518626332
4105,20525,410.5,1,okx,0.5937873125076294,0.0005048210150562227
4106,20530,410.6,1,okx,0.6030361652374268,0.0005511506460607052
4107,20535,410.7,1,okx,0.638729453086853,0.0005659013404510915
4108,20540,410.8,1,okx,0.6264572143554688,0.0007700292626395822
4109,20545,410.9,1,okx,0.7768524885177612,0.0006991077680140734
4110,20550,411.0,1,okx,0.7605697512626648,0.0008597580017521977
4111,20555,411.1,1,okx,0.8395401835441589,0.0009558477904647589
4112,20560,411.2,1,okx,0.8492754697799683,0.0011545616434887052
4113,20565,411.3,1,okx,0.7819719314575195,0.001284008496440947
4114,20570,411.4,1,okx,0.7612064480781555,0.0014825838152319193
4115,20575,411.5,1,okx,0.6543362736701965,0.001051721628755331
4116,20580,411.6,2,okx,0.5019195079803467,0.002040675259195268
4117,20585,411.7,1,okx,0.8376378417015076,0.001570459920912981
4118,20590,411.8,1,okx,0.8464517593383789,0.00158120587002486
4119,20595,411.9,1,okx,0.801183819770813,0.0014466376742348075
4120,20600,412.0,1,okx,0.8207142949104309,0.0013351885136216879
4121,20605,412.1,2,okx,0.6227142512798309,0.002139801625162363
4122,20610,412.2,1,okx,0.7537705302238464,0.004183314274996519
4123,20615,412.3,1,okx,0.7494632601737976,0.00999034196138382
4124,20620,412.4,2,okx,0.6069795489311218,0.01784075377508998
4125,20625,412.5,1,okx,0.6032575368881226,0.003777636680752039
4132,20660,413.2,1,okx,0.6446162462234497,0.0004917912883684039
4133,20665,413.3,1,okx,0.7859759330749512,0.00047910018474794924
4134,20670,413.4,1,okx,0.8284591436386108,0.000556091486942023
4135,20675,413.5,1,okx,0.7425982356071472,0.0005734998849220574
4137,20685,413.7,1,okx,0.5530025362968445,0.0006271273596212268
4138,20690,413.8,1,okx,0.6825452446937561,0.00044086278649047017
4140,20700,414.0,1,okx,0.7628805041313171,0.0005355600151233375
4141,20705,414.1,1,okx,0.5278998017311096,0.0004960243823006749
4142,20710,414.2,1,okx,0.5939257740974426,0.0005496582598425448
4143,20715,414.3,2,okx,0.6328268051147461,0.0013082122313790023
4144,20720,414.4,2,okx,0.7264968752861023,0.0014291455736383796
4145,20725,414.5,2,okx,0.5744785964488983,0.0013669466716237366
4147,20735,414.7,1,okx,0.774212121963501,0.0012973638949915767
4148,20740,414.8,1,okx,0.6637791991233826,0.0013607528526335955
4150,20750,415.0,1,okx,0.5651018619537354,0.0012149912072345614
4151,20755,415.1,1,okx,0.6283437013626099,0.0010667504975572228
4163,20815,416.3,1,okx,0.4386945366859436,0.0004036525497213006
4164,20820,416.4,1,okx,0.4715587794780731,0.00021745722915511578
4165,20825,416.5,1,okx,0.6024248600006104,0.0003157494938932359
4166,20830,416.6,1,okx,0.6423535943031311,0.0003156354068778455
4167,20835,416.7,1,okx,0.6878237128257751,0.00028199973166920245
4168,20840,416.8,1,okx,0.822216808795929,0.0004510165599640459
4169,20845,416.9,1,okx,0.7251405119895935,0.0005345853860490024
4170,20850,417.0,1,okx,0.5460730195045471,0.0005046884180046618
4172,20860,417.2,1,okx,0.40238112211227417,0.0006423676386475563
4173,20865,417.3,1,okx,0.44240641593933105,0.0007052206201478839
4176,20880,417.6,1,okx,0.6589145064353943,0.0006097611621953547
4177,20885,417.7,1,okx,0.5329462289810181,0.000693444162607193
4178,20890,417.8,1,okx,0.620403528213501,0.0006461733719334006
4179,20895,417.9,3,okx,0.7463869253794352,0.003284090227680281
4180,20900,418.0,1,okx,0.8135108351707458,0.0026812676806002855
4181,20905,418.1,1,okx,0.8634663224220276,0.00463489443063736
4182,20910,418.2,1,okx,0.5784900188446045,0.0030672268476337194
4183,20915,418.3,1,okx,0.7892954349517822,0.007213653065264225
4184,20920,418.4,1,okx,0.863183856010437,0.0038122031837701797
4185,20925,418.5,1,okx,0.7611465454101562,0.001856706221587956
4186,20930,418.6,1,okx,0.7924984693527222,0.0012341297697275877
4246,21230,424.6,1,okx,0.5046137571334839,0.0003325165598653257
4247,21235,424.7,1,okx,0.5614745020866394,0.0003440318978391588
4248,21240,424.8,2,okx,0.4461234360933304,0.000875151512445882
4249,21245,424.9,1,okx,0.7165724039077759,0.0006497082649730146
4250,21250,425.0,1,okx,0.8274136781692505,0.0008692670962773263
4251,21255,425.1,1,okx,0.6864825487136841,0.0016227209707722068
4277,21385,427.7,1,hp,0.5239222645759583,0.00018189536058343947
4278,21390,427.8,1,hp,0.4607376456260681,0.00018237066979054362
4279,21395,427.9,3,hp,0.516467273235321,0.0006856568797957152
4280,21400,428.0,1,hp,0.5773622393608093,0.00017730459512677044
4281,21405,428.1,1,hp,0.47745612263679504,0.0004104003310203552
4282,21410,428.2,1,okx,0.6772687435150146,0.0004886150709353387
4283,21415,428.3,1,okx,0.7372725605964661,0.0006835029926151037
4284,21420,428.4,1,okx,0.8141465783119202,0.000602225714828819
4285,21425,428.5,1,okx,0.7863842248916626,0.0006897523417137563
4286,21430,428.6,1,okx,0.795745849609375,0.0007871983107179403
4287,21435,428.7,1,okx,0.7628095746040344,0.0008459500386379659
4289,21445,428.9,1,okx,0.5651370286941528,0.0019945958629250526
4290,21450,429.0,1,okx,0.6616312861442566,0.004461823496967554
4350,21750,435.0,1,okx,0.4921473264694214,0.0002087084430968389
4352,21760,435.2,1,okx,0.4005867540836334,0.00023954687640070915
4353,21765,435.3,1,okx,0.6026440858840942,0.00022625777637585998
4354,21770,435.4,1,okx,0.5160057544708252,0.00015433137014042586
4355,21775,435.5,1,okx,0.42970648407936096,0.00019997908384539187
4369,21845,436.9,1,okx,0.41053399443626404,0.00018868973711505532
4371,21855,437.1,1,okx,0.4041079878807068,0.0003400682471692562
4372,21860,437.2,1,okx,0.5073761343955994,0.00020610007049981505
4374,21870,437.4,1,okx,0.5217443704605103,0.00015222086221911013
4398,21990,439.8,1,okx,0.5705496072769165,0.0004078311030752957
4416,22080,441.6,2,okx,0.5452027916908264,0.0010076584003400058
4417,22085,441.7,1,okx,0.7326469421386719,0.0005490300245583057
4418,22090,441.8,1,okx,0.7040655612945557,0.0005144290043972433
4419,22095,441.9,1,okx,0.8093804121017456,0.000655376526992768
4420,22100,442.0,1,okx,0.8150157332420349,0.0006777569651603699
4421,22105,442.1,2,okx,0.576252281665802,0.0012959002633579075
4422,22110,442.2,2,okx,0.6103926450014114,0.0013861325569450855
4423,22115,442.3,1,okx,0.7065866589546204,0.0007230355404317379
4424,22120,442.4,2,okx,0.6310988366603851,0.001699267653748393
4425,22125,442.5,2,okx,0.6572059988975525,0.0012424257583916187
4426,22130,442.6,3,okx,0.63026362657547,0.0024075578548945487
4427,22135,442.7,2,okx,0.755408763885498,0.0015182598144747317
4428,22140,442.8,4,okx,0.6187602058053017,0.002912788186222315
4429,22145,442.9,3,okx,0.7236243287722269,0.0021719791693612933
4430,22150,443.0,1,okx,0.7755991220474243,0.001003559329546988
4431,22155,443.1,1,okx,0.7805414795875549,0.0010025354567915201
4432,22160,443.2,1,okx,0.7813267111778259,0.0010151569731533527
4433,22165,443.3,3,okx,0.6393154660860697,0.0021628517424687743
4434,22170,443.4,2,okx,0.7069448232650757,0.001569251879118383
4435,22175,443.5,2,okx,0.788578987121582,0.0016095578612294048
4436,22180,443.6,3,okx,0.6444399257500967,0.002043934859102592
4437,22185,443.7,3,okx,0.6370678047339121,0.002028571325354278
4438,22190,443.8,2,okx,0.775208443403244,0.0017362388025503606
4439,22195,443.9,2,okx,0.7324771881103516,0.001627784047741443
4440,22200,444.0,2,okx,0.7347113788127899,0.0016680486151017249
4441,22205,444.1,3,okx,0.7267351150512695,0.0022435266291722655
4442,22210,444.2,1,okx,0.6552351713180542,0.0004756506241392344
4443,22215,444.3,2,okx,0.6703265309333801,0.0018729090807028115
4444,22220,444.4,1,okx,0.6043177247047424,0.0005312878638505936
4455,22275,445.5,1,okx,0.592851459980011,0.007200958672910929
4456,22280,445.6,1,okx,0.7560160756111145,0.00717305950820446
4457,22285,445.7,1,okx,0.8417725563049316,0.006694373209029436
4458,22290,445.8,1,okx,0.7078865170478821,0.0126888332888484
4459,22295,445.9,1,okx,0.808262825012207,0.005436859093606472
4460,22300,446.0,1,okx,0.7920156121253967,0.004849237855523825
4461,22305,446.1,1,okx,0.8613983988761902,0.0033412270713597536
4462,22310,446.2,1,okx,0.7290155291557312,0.0026687909848988056
4463,22315,446.3,1,okx,0.7532002925872803,0.002008373150601983
4464,22320,446.4,1,okx,0.7174764275550842,0.0014962746063247323
4467,22335,446.7,1,aramco,0.42254185676574707,0.007497176993638277
4472,22360,447.2,1,okx,0.5682459473609924,0.007397032808512449
4473,22365,447.3,1,okx,0.6966714262962341,0.0051875486969947815
4481,22405,448.1,1,okx,0.7240825891494751,0.008577294647693634
4482,22410,448.2,1,okx,0.7759896516799927,0.008289085701107979
4484,22420,448.4,1,okx,0.8502859473228455,0.006940714083611965
4485,22425,448.5,1,okx,0.8267307877540588,0.007213393691927195
4486,22430,448.6,1,okx,0.8796547055244446,0.008301408030092716
4488,22440,448.8,1,okx,0.8522170782089233,0.007897328585386276
4489,22445,448.9,1,okx,0.8817553520202637,0.00742728216573596
4490,22450,449.0,1,okx,0.8807774186134338,0.0073893265798687935
4491,22455,449.1,1,okx,0.8470746874809265,0.007414494641125202
4492,22460,449.2,1,okx,0.8541526794433594,0.0063319518230855465
4493,22465,449.3,1,okx,0.7953394055366516,0.007297823671251535
4494,22470,449.4,1,okx,0.6895898580551147,0.004402143880724907
4495,22475,449.5,1,okx,0.6925331354141235,0.006712550763040781
4496,22480,449.6,1,okx,0.4945523738861084,0.003796605858951807
4497,22485,449.7,1,okx,0.49949029088020325,0.005013040266931057
4498,22490,449.8,1,okx,0.8727073669433594,0.007590312976390123
4499,22495,449.9,1,okx,0.8978879451751709,0.008632977493107319
4500,22500,450.0,1,okx,0.8024040460586548,0.00860714353621006
4507,22535,450.7,1,okx,0.8787583708763123,0.006580254063010216
4508,22540,450.8,1,okx,0.8780379891395569,0.006023777648806572
4509,22545,450.9,1,okx,0.871243953704834,0.006004347465932369
4510,22550,451.0,1,okx,0.888821542263031,0.006630282383412123
4511,22555,451.1,1,okx,0.882315456867218,0.006123729981482029
4512,22560,451.2,1,okx,0.8729621767997742,0.006110650487244129
4513,22565,451.3,1,okx,0.8502880930900574,0.006762463133782148
4514,22570,451.4,1,okx,0.8536399602890015,0.006319561507552862
4515,22575,451.5,1,okx,0.858928918838501,0.006860985886305571
4516,22580,451.6,1,okx,0.8498488068580627,0.006833998486399651
4517,22585,451.7,1,okx,0.7912882566452026,0.006497753318399191
4518,22590,451.8,1,okx,0.759633481502533,0.006814476102590561
4519,22595,451.9,1,okx,0.7946566939353943,0.0065322318114340305
4520,22600,452.0,1,okx,0.8822565078735352,0.006636686157435179
4521,22605,452.1,1,okx,0.8497983813285828,0.006778792943805456
4522,22610,452.2,1,okx,0.8162634968757629,0.007104061543941498
4523,22615,452.3,1,okx,0.8168359398841858,0.0070285191759467125
4524,22620,452.4,1,okx,0.7395032048225403,0.00891996268182993
4525,22625,452.5,1,okx,0.7859043478965759,0.00896864477545023
4526,22630,452.6,1,okx,0.8261561989784241,0.007836759090423584
4527,22635,452.7,1,okx,0.8176138997077942,0.0076195914298295975
4528,22640,452.8,1,okx,0.8019932508468628,0.007353896740823984
4529,22645,452.9,1,okx,0.7961284518241882,0.008786281570792198
4530,22650,453.0,1,okx,0.7870671153068542,0.008914484642446041
4531,22655,453.1,1,okx,0.8193914294242859,0.007351492531597614
4532,22660,453.2,1,okx,0.8300752639770508,0.007482865359634161
4533,22665,453.3,1,okx,0.812341034412384,0.007570505607873201
4534,22670,453.4,1,okx,0.813022792339325,0.008111395873129368
4535,22675,453.5,1,okx,0.7939196825027466,0.007612672634422779
4536,22680,453.6,1,okx,0.851392388343811,0.007747724652290344
4537,22685,453.7,1,okx,0.7492201924324036,0.008313873782753944
4538,22690,453.8,1,okx,0.8182048797607422,0.008242753334343433
4539,22695,453.9,1,okx,0.8642416596412659,0.009080792777240276
4540,22700,454.0,1,okx,0.8831217885017395,0.008182971738278866
4541,22705,454.1,1,okx,0.8736253976821899,0.007491877768188715
4542,22710,454.2,1,okx,0.8783144354820251,0.007733628619462252
4543,22715,454.3,1,okx,0.8731440901756287,0.009122941642999649
4544,22720,454.4,1,okx,0.8108310699462891,0.008082588203251362
4545,22725,454.5,1,okx,0.8287041783332825,0.008323120884597301
4546,22730,454.6,1,okx,0.8581894636154175,0.008653516881167889
4547,22735,454.7,1,okx,0.8986048102378845,0.007748197298496962
4548,22740,454.8,1,okx,0.8996388912200928,0.007875589653849602
4549,22745,454.9,1,okx,0.8916626572608948,0.007653651759028435
4550,22750,455.0,1,okx,0.8579957485198975,0.0077591510489583015
4551,22755,455.1,1,okx,0.8738160729408264,0.007053207140415907
4552,22760,455.2,1,okx,0.8308683633804321,0.008338005281984806
4553,22765,455.3,1,okx,0.8082247376441956,0.007936683483421803
4554,22770,455.4,1,okx,0.7018428444862366,0.00859945360571146
4555,22775,455.5,1,okx,0.8439481258392334,0.007383946795016527
4556,22780,455.6,1,okx,0.881151556968689,0.006918810307979584
4557,22785,455.7,1,okx,0.9063268899917603,0.00661406759172678
4558,22790,455.8,1,okx,0.8867771625518799,0.006473912391811609
4559,22795,455.9,1,okx,0.8595117926597595,0.006933840923011303
4560,22800,456.0,1,okx,0.8809131383895874,0.0071688005700707436
4561,22805,456.1,1,okx,0.9047111868858337,0.006060533691197634
4562,22810,456.2,1,okx,0.8690750598907471,0.007191118784248829
4563,22815,456.3,1,okx,0.8497245907783508,0.007829641923308372
4564,22820,456.4,1,okx,0.859139084815979,0.007465128321200609
4565,22825,456.5,1,okx,0.8202933669090271,0.006774327717721462
4566,22830,456.6,1,okx,0.7311328649520874,0.00686835590749979
4567,22835,456.7,1,okx,0.8214821815490723,0.006747388280928135
4568,22840,456.8,1,okx,0.74824059009552,0.007022394333034754
4569,22845,456.9,1,okx,0.8173561692237854,0.007149497512727976
4570,22850,457.0,1,okx,0.8673710227012634,0.007987421937286854
4571,22855,457.1,1,okx,0.8515175580978394,0.007651584222912788
4572,22860,457.2,1,okx,0.853877067565918,0.0070055220276117325
4573,22865,457.3,1,okx,0.8703563809394836,0.006890976335853338
4574,22870,457.4,1,okx,0.8778485059738159,0.0069284564815461636
4575,22875,457.5,1,okx,0.8884571194648743,0.006846267264336348
4576,22880,457.6,1,okx,0.8764486312866211,0.006458957213908434
4577,22885,457.7,1,okx,0.8477667570114136,0.006925136782228947
4578,22890,457.8,1,okx,0.8728997111320496,0.00597764179110527
4579,22895,457.9,1,okx,0.8518058061599731,0.006456503178924322
4580,22900,458.0,1,okx,0.8610870242118835,0.006256175227463245
4581,22905,458.1,1,okx,0.8712484240531921,0.006226453464478254
